edge_id,start_coord,end_coord,osm_osmid,osm_highway,osm_name,osm_oneway,osm_reversed,osm_length,osm_geometry,inferred_length,inferred_length_source,inferred_width,inferred_width_source,inferred_curb_norm,inferred_curb_source,inferred_crossing,inferred_crossing_source,inferred_path_type,inferred_path_type_source,osm_maxspeed,osm_bridge,osm_lanes,osm_tunnel,osm_est_width,osm_width,osm_service,osm_access,osm_ref
3,"(0.5670979472063867, 0.38900653817761577)","(0.6476053777770898, 0.42752340303301667)",23289374,pedestrian,Jonas Daniël Meijerplein,False,True,89.76123611400294,"LINESTRING (629775.7272690808 5803568.082330766, 629753.4330998296 5803552.704173515, 629737.4577635434 5803543.391049914, 629701.1609906534 5803531.728617869, 629695.2574207843 5803529.547617271)",89.76123611400294,OSM:length,1.2,Inferred:highway=pedestrian (typical sidewalk width),-0.04,Inferred:highway=pedestrian (sidewalks typically lowered),0,Default: no crossing indicators found,0,OSM:highway=pedestrian (walk_lane),,,,,,,,,
6,"(0.6476053777770898, 0.42752340303301667)","(0.6851699032948474, 0.4666679617030815)",23289375,residential,Nieuwe Herengracht,False,False,54.258776970856545,"LINESTRING (629775.7272690808 5803568.082330766, 629777.2958749621 5803569.826431792, 629785.9335102048 5803578.122723406, 629807.3177711315 5803602.424884859, 629813.2742588222 5803607.245028948)",54.258776970856545,OSM:length,1.0,Default:highway=residential (fallback width),-0.04,Default:highway=residential (pedestrian paths default lowered),0,Default: no crossing indicators found,0,Default:highway=residential (walk_lane fallback),30,,,,,,,,
10,"(0.5220262479311988, 0.49293117071777576)","(0.6476053777770898, 0.42752340303301667)",113952975,pedestrian,Jonas Daniël Meijerplein,False,True,141.23753420197798,"LINESTRING (629775.7272690808 5803568.082330766, 629661.1099141028 5803626.929703365, 629650.2067617653 5803633.520408283)",141.23753420197798,OSM:length,1.2,Inferred:highway=pedestrian (typical sidewalk width),-0.04,Inferred:highway=pedestrian (sidewalks typically lowered),0,Default: no crossing indicators found,0,OSM:highway=pedestrian (walk_lane),,,,,,,,,
927,"(0.5728264504377224, 0.5258932831333981)","(0.6851699032948474, 0.4666679617030815)",451443671,footway,Muiderstraat,False,True,126.65763921826684,,126.65763921826684,OSM:length,1.2,Inferred:highway=footway (typical sidewalk width),-0.04,Inferred:highway=footway (sidewalks typically lowered),0,Default: no crossing indicators found,0,OSM:highway=footway (walk_lane),,,,,,,,,
282,"(0.6851699032948474, 0.4666679617030815)","(0.7003278124430476, 0.48862553421961913)",23289375,residential,Nieuwe Herengracht,False,False,26.897617569034402,"LINESTRING (629813.2742588222 5803607.245028948, 629817.561853158 5803612.833608745, 629821.2388311363 5803617.293178622, 629823.2981736225 5803620.318957311, 629827.2103125725 5803625.419093934, 629828.1769314145 5803627.514602478, 629828.4250919938 5803629.212776561)",26.897617569034402,OSM:length,1.0,Default:highway=residential (fallback width),-0.04,Default:highway=residential (pedestrian paths default lowered),0,Default: no crossing indicators found,0,Default:highway=residential (walk_lane fallback),30,,,,,,,,
847,"(0.6851699032948474, 0.4666679617030815)","(0.720817916981492, 0.44748371770531103)","[976110212, 976110213, 976110215]",footway,,False,False,40.60321114755344,"LINESTRING (629813.2742588222 5803607.245028948, 629829.2943795095 5803600.377810418, 629838.9850463095 5803595.602955962, 629848.9056313937 5803588.051895009)",40.60321114755344,OSM:length,1.2,Inferred:highway=footway (typical sidewalk width),-0.04,Inferred:highway=footway (sidewalks typically lowered),0,Default: no crossing indicators found,0,OSM:highway=footway (walk_lane),,yes,,,,,,,
814,"(0.5220262479311988, 0.49293117071777576)","(0.5453504806295126, 0.507883611360591)",113952977,footway,Meester Visserplein,False,False,27.63494508435882,,27.63494508435882,OSM:length,1.2,Inferred:highway=footway (typical sidewalk width),-0.04,Inferred:highway=footway (sidewalks typically lowered),0,Default: no crossing indicators found,0,OSM:highway=footway (walk_lane),,,,,,,,,
820,"(0.5155892910354669, 0.48839011913761476)","(0.5220262479311988, 0.49293117071777576)",113951848,footway,,False,True,7.860128985102442,"LINESTRING (629650.2067617653 5803633.520408283, 629648.7132372077 5803632.546235663, 629643.7728097534 5803628.977252388)",7.860128985102442,OSM:length,1.2,Inferred:highway=footway (typical sidewalk width),-0.04,Inferred:highway=footway (sidewalks typically lowered),0,Default: no crossing indicators found,0,OSM:highway=footway (walk_lane),,,,,,,,,
13,"(0.18433975217673376, 0.5193891269389065)","(0.2346124751166353, 0.591912864018968)",229374482,pedestrian,Zwanenburgwal,False,True,91.21335821363573,"LINESTRING (629312.6779039629 5803659.9906250695, 629317.9567999697 5803659.238936413, 629325.0032863333 5803670.297141219, 629362.927158718 5803732.547969508)",91.21335821363573,OSM:length,1.2,Inferred:highway=pedestrian (typical sidewalk width),-0.04,Inferred:highway=pedestrian (sidewalks typically lowered),0,Default: no crossing indicators found,0,OSM:highway=pedestrian (walk_lane),,,,,,,,,
766,"(0.2346124751166353, 0.591912864018968)","(0.27820148077555107, 0.5640348124618194)",93480219,footway,Lange Houtgang,False,False,51.61587753313572,"LINESTRING (629362.927158718 5803732.547969508, 629364.5416684386 5803731.51086468, 629365.0615875436 5803731.168393371, 629394.7792515539 5803712.150586795, 629406.495816268 5803704.656999316)",51.61587753313572,OSM:length,1.2,Inferred:highway=footway (typical sidewalk width),-0.04,Inferred:highway=footway (sidewalks typically lowered),0,Default: no crossing indicators found,0,OSM:highway=footway (walk_lane),,,,,,,,,
769,"(0.2346124751166353, 0.591912864018968)","(0.2505382907327655, 0.6166033947874147)",229374482,pedestrian,Zwanenburgwal,False,True,29.349013251690646,"LINESTRING (629362.927158718 5803732.547969508, 629375.8830818601 5803752.809487859, 629378.8455398853 5803757.24994182)",29.349013251690646,OSM:length,1.2,Inferred:highway=pedestrian (typical sidewalk width),-0.04,Inferred:highway=pedestrian (sidewalks typically lowered),0,Default: no crossing indicators found,0,OSM:highway=pedestrian (walk_lane),,,,,,,,,
18,"(0.6134296847286723, 0.3647853994021252)","(0.6526200845755084, 0.37849853932798827)",4361939,footway,Dr. D.M. Sluyspad,False,True,41.38937217469798,,41.38937217469798,OSM:length,1.2,Inferred:highway=footway (typical sidewalk width),-0.04,Inferred:highway=footway (sidewalks typically lowered),0,Default: no crossing indicators found,0,OSM:highway=footway (walk_lane),,,,,,,,,
23,"(0.6526200845755084, 0.37849853932798827)","(0.707246066896279, 0.4305069208683259)","[23289289, 23289290, 4361939]",footway,Dr. D.M. Sluyspad,False,False,75.29409581116653,"LINESTRING (629780.7396349265 5803519.034749035, 629783.9167116947 5803522.045450892, 629797.1701298291 5803533.824420893, 629835.340116885 5803571.067231158)",75.29409581116653,OSM:length,1.2,Inferred:highway=footway (typical sidewalk width),-0.04,Inferred:highway=footway (sidewalks typically lowered),0,Default: no crossing indicators found,0,OSM:highway=footway (walk_lane),,yes,,,,,,,
24,"(0.6526200845755084, 0.37849853932798827)","(0.6689425027415822, 0.35168571245774927)",447595610,footway,,False,False,31.654661766181526,"LINESTRING (629780.7396349265 5803519.034749035, 629784.586302543 5803514.217052683, 629795.2199833753 5803498.482496755, 629797.0544335028 5803492.209497153)",31.654661766181526,OSM:length,1.2,Inferred:highway=footway (typical sidewalk width),-0.04,Inferred:highway=footway (sidewalks typically lowered),0,Default: no crossing indicators found,0,OSM:highway=footway (walk_lane),,,,,,,,,
220,"(0.6118210099865735, 0.35781281085552286)","(0.6134296847286723, 0.3647853994021252)",7370808,footway,,False,True,7.153900093273859,,7.153900093273859,OSM:length,1.2,Inferred:highway=footway (typical sidewalk width),-0.04,Inferred:highway=footway (sidewalks typically lowered),0,Default: no crossing indicators found,0,OSM:highway=footway (walk_lane),,,,,,,,,
221,"(0.5757163936641044, 0.3539814384244892)","(0.6134296847286723, 0.3647853994021252)","[31987043, 23289622]","['footway', 'steps']",,False,True,39.10573948858878,"LINESTRING (629741.5675298426 5803505.315254467, 629714.0136312451 5803497.1773303915, 629703.8718440008 5803494.5062869545)",39.10573948858878,OSM:length,1.0,"Default:highway=['footway', 'steps'] (fallback width)",-0.04,"Default:highway=['footway', 'steps'] (pedestrian paths default lowered)",0,Default: no crossing indicators found,0,"Default:highway=['footway', 'steps'] (walk_lane fallback)",,,,,,,,,
1003,"(0.7057864832972554, 0.4318367222321123)","(0.707246066896279, 0.4305069208683259)",452125505,footway,,False,False,1.9708446539398292,,1.9708446539398292,OSM:length,1.2,Inferred:highway=footway (typical sidewalk width),-0.04,Inferred:highway=footway (sidewalks typically lowered),0,Default: no crossing indicators found,0,OSM:highway=footway (walk_lane),,,,,,,,,
845,"(0.707246066896279, 0.4305069208683259)","(0.720817916981492, 0.44748371770531103)",23289290,footway,Dr. D.M. Sluyspad,False,False,21.708382328711657,"LINESTRING (629835.340116885 5803571.067231158, 629845.6396555861 5803584.282020931, 629848.9056313937 5803588.051895009)",21.708382328711657,OSM:length,1.2,Inferred:highway=footway (typical sidewalk width),-0.04,Inferred:highway=footway (sidewalks typically lowered),0,Default: no crossing indicators found,0,OSM:highway=footway (walk_lane),,,,,,,,,
27,"(0.9684648671262082, 0.014793846753992708)","(0.976317491224896, 0.06324594911037607)",7370489,tertiary,Roetersstraat,False,False,49.07871684829593,"LINESTRING (630096.4369756182 5803155.161516415, 630097.1120271054 5803160.29876615, 630104.2859339749 5803203.636071381)",49.07871684829593,OSM:length,1.0,Default:highway=tertiary (fallback width),0.04,Inferred:highway=tertiary (main roads typically raised),0,Default: no crossing indicators found,0,Default:highway=tertiary (walk_lane fallback),30,,2,,,,,,
75,"(0.976317491224896, 0.06324594911037607)","(0.9851911274886768, 0.11818807889620425)",7370489,tertiary,Roetersstraat,False,False,55.65767289023624,"LINESTRING (630104.2859339749 5803203.636071381, 630112.6692817046 5803253.538173318, 630112.9702251321 5803256.072446284, 630113.1554278703 5803258.603661243)",55.65767289023624,OSM:length,1.0,Default:highway=tertiary (fallback width),0.04,Inferred:highway=tertiary (main roads typically raised),0,Default: no crossing indicators found,0,Default:highway=tertiary (walk_lane fallback),30,,2,,,,,,
696,"(0.9387963768172675, 0.05181028810677478)","(0.976317491224896, 0.06324594911037607)",517310566,footway,Korte Lepelstraat,False,False,39.632323947535255,"LINESTRING (630104.2859339749 5803203.636071381, 630103.2602774805 5803203.775911918, 630099.2532625603 5803204.326672877, 630066.7823350786 5803192.1951111145)",39.632323947535255,OSM:length,1.2,Inferred:highway=footway (typical sidewalk width),-0.04,Inferred:highway=footway (sidewalks typically lowered),0,Default: no crossing indicators found,0,OSM:highway=footway (walk_lane),,,,,,,,,
32,"(0.694583230226226, 0.021589205262219406)","(0.70535555832257, 0.025365862293375296)",7370557,residential,Weesperstraat,False,False,11.379183902813432,,11.379183902813432,OSM:length,1.0,Default:highway=residential (fallback width),-0.04,Default:highway=residential (pedestrian paths default lowered),0,Default: no crossing indicators found,0,Default:highway=residential (walk_lane fallback),50,,,,,,,,
35,"(0.6847128499746584, 0.018503764439701784)","(0.694583230226226, 0.021589205262219406)","[7370257, 7370507]",residential,Nieuwe Prinsengracht,False,True,10.30830882109466,"LINESTRING (629822.6831914482 5803161.960023879, 629816.3912031665 5803160.024626821, 629812.8174188625 5803158.873153269)",10.30830882109466,OSM:length,1.0,Default:highway=residential (fallback width),-0.04,Default:highway=residential (pedestrian paths default lowered),0,Default: no crossing indicators found,0,Default:highway=residential (walk_lane fallback),30,,,,,,,,
38,"(0.6808308226776891, 0.055066186418605376)","(0.694583230226226, 0.021589205262219406)","[38322393, 38322390, 7370559]",primary,Weesperstraat,False,True,36.180988544712164,"LINESTRING (629822.6831914482 5803161.960023879, 629819.2247377752 5803169.614736042, 629811.9789167505 5803188.0984306205, 629808.9372037636 5803195.452518203)",36.180988544712164,OSM:length,1.0,Default:highway=primary (fallback width),0.04,Inferred:highway=primary (main roads typically raised),0,Default: no crossing indicators found,0,Default:highway=primary (walk_lane fallback),50,yes,2,,,,,,
41,"(0.70535555832257, 0.025365862293375296)","(0.7538278972107673, 0.04182708429744976)","[7370259, 1231375693]",residential,Nieuwe Prinsengracht,False,False,51.029122663861294,"LINESTRING (629833.4504908337 5803165.738431006, 629838.3040756485 5803167.446731347, 629881.9002019878 5803182.207281108)",51.029122663861294,OSM:length,1.0,Default:highway=residential (fallback width),-0.04,Default:highway=residential (pedestrian paths default lowered),0,Default: no crossing indicators found,0,Default:highway=residential (walk_lane fallback),30,,,,,,,,
45,"(0.6907219887899597, 0.058652749458454057)","(0.70535555832257, 0.025365862293375296)","[139343840, 139343843, 38322391]",primary,Weesperstraat,False,False,36.45205610203743,"LINESTRING (629833.4504908337 5803165.738431006, 629829.0739362631 5803172.812475068, 629822.0909681943 5803191.403248189, 629818.8237525069 5803199.0407432495)",36.45205610203743,OSM:length,1.0,Default:highway=primary (fallback width),0.04,Inferred:highway=primary (main roads typically raised),0,Default: no crossing indicators found,0,Default:highway=primary (walk_lane fallback),50,yes,,,,,,,
42,"(0.6808308226776891, 0.055066186418605376)","(0.6907219887899597, 0.058652749458454057)",7370539,residential,Nieuwe Prinsengracht,False,False,10.488401124497642,,10.488401124497642,OSM:length,1.0,Default:highway=residential (fallback width),-0.04,Default:highway=residential (pedestrian paths default lowered),0,Default: no crossing indicators found,0,Default:highway=residential (walk_lane fallback),50,,,,,,,,
51,"(0.6590127226482778, 0.1113685900952812)","(0.6808308226776891, 0.055066186418605376)",7370537,primary,Weesperstraat,False,True,60.356184299364486,"LINESTRING (629808.9372037636 5803195.452518203, 629792.2309811453 5803239.161477626, 629787.1292888043 5803251.781012304)",60.356184299364486,OSM:length,1.0,Default:highway=primary (fallback width),0.04,Inferred:highway=primary (main roads typically raised),0,Default: no crossing indicators found,0,Default:highway=primary (walk_lane fallback),50,,2,,,,,,
70,"(0.7538278972107673, 0.04182708429744976)","(0.8067196623484539, 0.059473195193390005)",1231375693,residential,Nieuwe Prinsengracht,False,False,55.58022382613364,,55.58022382613364,OSM:length,1.0,Default:highway=residential (fallback width),-0.04,Default:highway=residential (pedestrian paths default lowered),0,Default: no crossing indicators found,0,Default:highway=residential (walk_lane fallback),30,,,,,,,,
702,"(0.7538278972107673, 0.04182708429744976)","(0.7991983631381696, 0.00770409144947931)","[646080272, 646080269, 593372575]",footway,,False,True,68.25272589416318,"LINESTRING (629881.9002019878 5803182.207281108, 629883.126828134 5803178.322172524, 629888.0318993384 5803164.12832968, 629891.1955276016 5803156.031848262, 629903.6465795971 5803160.032886981, 629907.284371186 5803160.306912972, 629910.950680902 5803159.758136926, 629913.8918938704 5803158.544744631, 629927.2494881896 5803148.068475732)",68.25272589416318,OSM:length,1.2,Inferred:highway=footway (typical sidewalk width),-0.04,Inferred:highway=footway (sidewalks typically lowered),0,Default: no crossing indicators found,0,OSM:highway=footway (walk_lane),,,,yes,,,,,
79,"(0.6907219887899597, 0.058652749458454057)","(0.7018092609737382, 0.062115101260322124)",7370260,residential,Nieuwe Prinsengracht,False,False,11.580050634068964,"LINESTRING (629818.8237525069 5803199.0407432495, 629825.138166449 5803200.898832874, 629829.9058489584 5803202.504699498)",11.580050634068964,OSM:length,1.0,Default:highway=residential (fallback width),-0.04,Default:highway=residential (pedestrian paths default lowered),0,Default: no crossing indicators found,0,Default:highway=residential (walk_lane fallback),30,,,,,,,,
83,"(0.6674240414004415, 0.11420421045921982)","(0.6907219887899597, 0.058652749458454057)",139343840,primary,Weesperstraat,False,False,60.219203538203026,"LINESTRING (629818.8237525069 5803199.0407432495, 629796.7792519603 5803250.9001771, 629795.536681006 5803254.617946689)",60.219203538203026,OSM:length,1.0,Default:highway=primary (fallback width),0.04,Inferred:highway=primary (main roads typically raised),0,Default: no crossing indicators found,0,Default:highway=primary (walk_lane fallback),50,,,,,,,,
48,"(0.3297560142594654, 0.10499041226257035)","(0.3572076959130215, 0.02536315237786055)",611914188,residential,Amstel,False,False,84.19770034636265,"LINESTRING (629485.4651499249 5803165.735719834, 629473.7688006047 5803198.581811341, 629458.0262831956 5803245.399878836)",84.19770034636265,OSM:length,1.0,Default:highway=residential (fallback width),-0.04,Default:highway=residential (pedestrian paths default lowered),0,Default: no crossing indicators found,0,Default:highway=residential (walk_lane fallback),30,,,,,,,,
100,"(0.3136417508805179, 0.14518076275837888)","(0.3297560142594654, 0.10499041226257035)","[7371056, 38322364, 7372012]",residential,Amstel,False,False,43.60476966983646,"LINESTRING (629458.0262831956 5803245.399878836, 629453.9758825385 5803250.45730779, 629444.2442893977 5803279.070400455, 629441.9195422361 5803285.608853462)",43.60476966983646,OSM:length,1.0,Default:highway=residential (fallback width),-0.04,Default:highway=residential (pedestrian paths default lowered),0,Default: no crossing indicators found,0,Default:highway=residential (walk_lane fallback),30,yes,,,,,,,
54,"(0.13182988670164997, 0.038024853741289305)","(0.3297560142594654, 0.10499041226257035)","[7372018, 612080315]",residential,Keizersgracht,False,True,208.46234596551628,"LINESTRING (629458.0262831956 5803245.399878836, 629453.9217815889 5803245.258592327, 629260.8136642957 5803178.619915024, 629260.1925510098 5803178.403288606)",208.46234596551628,OSM:length,1.0,Default:highway=residential (fallback width),-0.04,Default:highway=residential (pedestrian paths default lowered),0,Default: no crossing indicators found,0,Default:highway=residential (walk_lane fallback),30,,,,,,,,
82,"(0.6590127226482778, 0.1113685900952812)","(0.6674240414004415, 0.11420421045921982)",890177979,footway,,False,False,8.848231187326208,,8.848231187326208,OSM:length,1.2,Inferred:highway=footway (typical sidewalk width),-0.04,Inferred:highway=footway (sidewalks typically lowered),0,Default: no crossing indicators found,0,OSM:highway=footway (walk_lane),,,,,,,,,
137,"(0.6502156677796286, 0.13504240564248993)","(0.6590127226482778, 0.1113685900952812)",7370537,primary,Weesperstraat,False,True,25.24460525266336,"LINESTRING (629787.1292888043 5803251.781012304, 629782.3178038575 5803264.764332135, 629778.3363405544 5803275.465798251)",25.24460525266336,OSM:length,1.0,Default:highway=primary (fallback width),0.04,Inferred:highway=primary (main roads typically raised),0,Default: no crossing indicators found,0,Default:highway=primary (walk_lane fallback),50,,2,,,,,,
1084,"(0.6536207554056952, 0.10905744144427319)","(0.6590127226482778, 0.1113685900952812)",890177979,footway,,False,True,5.849219174573094,"LINESTRING (629787.1292888043 5803251.781012304, 629784.2671423819 5803250.514762563, 629781.7398386261 5803249.468792671)",5.849219174573094,OSM:length,1.2,Inferred:highway=footway (typical sidewalk width),-0.04,Inferred:highway=footway (sidewalks typically lowered),0,Default: no crossing indicators found,0,OSM:highway=footway (walk_lane),,,,,,,,,
59,"(0.12040094919398665, 0.05663584762040415)","(0.13182988670164997, 0.038024853741289305)","[191607036, 191607038]",unclassified,Utrechtsestraat,False,True,23.813312958316196,"LINESTRING (629260.1925510098 5803178.403288606, 629258.7351702916 5803178.899232153, 629255.7863680648 5803179.890227045, 629253.8236089722 5803180.951620011, 629251.8880615012 5803184.35083627, 629249.4889083401 5803193.992432619, 629248.7689487297 5803197.022906783)",23.813312958316196,OSM:length,1.0,Default:highway=unclassified (fallback width),-0.04,Default:highway=unclassified (pedestrian paths default lowered),0,Default: no crossing indicators found,0,Default:highway=unclassified (walk_lane fallback),30,yes,1,,,,,,
63,"(0.13182988670164997, 0.038024853741289305)","(0.1324628048769008, 0.0606341599700663)","[299017180, 191607037]",unclassified,Utrechtsestraat,False,False,23.72603961251727,"LINESTRING (629260.1925510098 5803178.403288606, 629260.714157464 5803179.296177561, 629262.5203751905 5803182.381828264, 629263.3619539479 5803184.841188638, 629263.6926054752 5803188.077303398, 629263.0029679198 5803192.288255151, 629262.5705123817 5803194.747561573, 629261.768063386 5803198.065225268, 629260.8251737278 5803201.023071943)",23.72603961251727,OSM:length,1.0,Default:highway=unclassified (fallback width),-0.04,Default:highway=unclassified (pedestrian paths default lowered),0,Default: no crossing indicators found,0,Default:highway=unclassified (walk_lane fallback),30,yes,1,,,,,,
68,"(0.12118201915676055, 0.0785371040817447)","(0.13182988670164997, 0.038024853741289305)","[773879158, 773879150, 773879151]",busway,Utrechtsestraat,False,True,41.87796296497275,"LINESTRING (629260.1925510098 5803178.403288606, 629255.5685269467 5803195.97717038, 629255.1978476502 5803197.380835376, 629254.0858108696 5803201.591830532, 629253.6917883854 5803203.10617382, 629249.5496540754 5803218.934312244)",41.87796296497275,OSM:length,1.0,Default:highway=busway (fallback width),-0.04,Default:highway=busway (pedestrian paths default lowered),0,Default: no crossing indicators found,0,Default:highway=busway (walk_lane fallback),,yes,2,,,,,,
1010,"(0.12040094919398665, 0.05663584762040415)","(0.12316348966478366, 0.057598199961884256)",475560051,footway,,False,False,2.9161343754318674,,2.9161343754318674,OSM:length,1.2,Inferred:highway=footway (typical sidewalk width),-0.04,Inferred:highway=footway (sidewalks typically lowered),0,Default: no crossing indicators found,0,OSM:highway=footway (walk_lane),,yes,,,,,,,
67,"(0.12040094919398665, 0.05663584762040415)","(0.12118201915676055, 0.0785371040817447)","[191607036, 299017181]",unclassified,Utrechtsestraat,False,True,23.33915550992943,"LINESTRING (629248.7689487297 5803197.022906783, 629247.5804716214 5803201.031573385, 629245.8768725633 5803208.053832545, 629245.5298186915 5803210.893770457, 629246.110933406 5803213.413066508, 629248.8370315067 5803217.791571023, 629249.5496540754 5803218.934312244)",23.33915550992943,OSM:length,1.0,Default:highway=unclassified (fallback width),-0.04,Default:highway=unclassified (pedestrian paths default lowered),0,Default: no crossing indicators found,0,Default:highway=unclassified (walk_lane fallback),30,yes,1,,,,,,
1011,"(0.12973880034790164, 0.05976180427230617)","(0.1324628048769008, 0.0606341599700663)",475560052,footway,,False,False,2.8511148931365233,,2.8511148931365233,OSM:length,1.2,Inferred:highway=footway (typical sidewalk width),-0.04,Inferred:highway=footway (sidewalks typically lowered),0,Default: no crossing indicators found,0,OSM:highway=footway (walk_lane),,yes,,,,,,,
66,"(0.12118201915676055, 0.0785371040817447)","(0.1324628048769008, 0.0606341599700663)","[191607040, 191607037]",unclassified,Utrechtsestraat,False,False,22.948649281845846,"LINESTRING (629260.8251737278 5803201.023071943, 629259.6621691947 5803205.099179168, 629257.136277578 5803214.637283949, 629255.2875126193 5803216.547478595, 629250.989224389 5803218.33773723, 629249.5496540754 5803218.934312244)",22.948649281845846,OSM:length,1.0,Default:highway=unclassified (fallback width),-0.04,Default:highway=unclassified (pedestrian paths default lowered),0,Default: no crossing indicators found,0,Default:highway=unclassified (walk_lane fallback),30,yes,1,,,,,,
101,"(0.12118201915676055, 0.0785371040817447)","(0.3136417508805179, 0.14518076275837888)",7372013,residential,Keizersgracht,False,True,203.02821433939422,"LINESTRING (629249.5496540754 5803218.934312244, 629250.6704893606 5803219.319860495, 629441.9195422361 5803285.608853462)",203.02821433939422,OSM:length,1.0,Default:highway=residential (fallback width),-0.04,Default:highway=residential (pedestrian paths default lowered),0,Default: no crossing indicators found,0,Default:highway=residential (walk_lane fallback),30,,,,,,,,
103,"(0.09216982167611446, 0.18711356810241114)","(0.12118201915676055, 0.0785371040817447)",191607035,unclassified,Utrechtsestraat,False,False,112.4081161115157,"LINESTRING (629249.5496540754 5803218.934312244, 629247.8295138249 5803226.846463694, 629246.5824759972 5803232.567472975, 629223.0727738432 5803320.771746851, 629221.4391850691 5803324.868899959, 629220.5509999951 5803327.5610903865)",112.4081161115157,OSM:length,1.0,Default:highway=unclassified (fallback width),-0.04,Default:highway=unclassified (pedestrian paths default lowered),0,Default: no crossing indicators found,0,Default:highway=unclassified (walk_lane fallback),30,,2,,6,,,,
72,"(0.8067196623484539, 0.059473195193390005)","(0.8219771697106856, 0.01472310198664035)",7370423,residential,Lepelkruisstraat,False,False,47.26194583989823,,47.26194583989823,OSM:length,1.0,Default:highway=residential (fallback width),-0.04,Default:highway=residential (pedestrian paths default lowered),0,Default: no crossing indicators found,0,Default:highway=residential (walk_lane fallback),30,,,,,,,,
77,"(0.8067196623484539, 0.059473195193390005)","(0.9851911274886768, 0.11818807889620425)",1231375693,residential,Nieuwe Prinsengracht,False,False,187.28467360062058,"LINESTRING (629934.7672763261 5803199.861569177, 630111.7413183532 5803258.232423394, 630113.1554278703 5803258.603661243)",187.28467360062058,OSM:length,1.0,Default:highway=residential (fallback width),-0.04,Default:highway=residential (pedestrian paths default lowered),0,Default: no crossing indicators found,0,Default:highway=residential (walk_lane fallback),30,,,,,,,,
700,"(0.7991983631381696, 0.00770409144947931)","(0.8219771697106856, 0.01472310198664035)",646080275,service,Lepelkruisstraat,False,True,23.7587753058816,,23.7587753058816,OSM:length,1.0,Default:highway=service (fallback width),-0.04,Default:highway=service (pedestrian paths default lowered),0,Default: no crossing indicators found,0,Default:highway=service (walk_lane fallback),15,,,,,,,,
704,"(0.8219771697106856, 0.01472310198664035)","(0.8272329007114836, 0.0)",7370423,residential,Lepelkruisstraat,False,False,15.626759754326176,"LINESTRING (629950.0176612175 5803155.090738865, 629952.6442964112 5803147.725775866, 629955.2709387513 5803140.360814221)",15.626759754326176,OSM:length,1.0,Default:highway=residential (fallback width),-0.04,Default:highway=residential (pedestrian paths default lowered),0,Default: no crossing indicators found,0,Default:highway=residential (walk_lane fallback),30,,,,,,,,
108,"(0.9586412843048399, 0.22107413162411052)","(0.9851911274886768, 0.11818807889620425)","[38572012, 7370502, 7370759]",tertiary,Roetersstraat,False,False,106.76057634973944,"LINESTRING (630113.1554278703 5803258.603661243, 630113.2165628104 5803260.931273097, 630113.0300109904 5803265.155428807, 630112.1147441415 5803272.721340238, 630111.6837291836 5803275.625794848, 630111.0550321171 5803278.79212656, 630110.3954270964 5803281.323279, 630104.9086658531 5803298.172557989, 630088.9964560188 5803347.065528348, 630087.9741343147 5803350.432918094, 630087.2019515347 5803353.873690967, 630086.7985830797 5803357.2796902275, 630086.6179786169 5803361.537391167)",106.76057634973944,OSM:length,1.0,Default:highway=tertiary (fallback width),0.04,Inferred:highway=tertiary (main roads typically raised),0,Default: no crossing indicators found,0,Default:highway=tertiary (walk_lane fallback),30,yes,2,,,,,,
92,"(0.7018092609737382, 0.062115101260322124)","(0.7718387582749716, 0.0856296499067111)",7370260,residential,Nieuwe Prinsengracht,False,False,73.63706892301562,,73.63706892301562,OSM:length,1.0,Default:highway=residential (fallback width),-0.04,Default:highway=residential (pedestrian paths default lowered),0,Default: no crossing indicators found,0,Default:highway=residential (walk_lane fallback),30,,,,,,,,
1083,"(0.6787419442210223, 0.11899634282783389)","(0.7018092609737382, 0.062115101260322124)",1452674884,footway,,False,True,61.972836221223,"LINESTRING (629829.9058489584 5803202.504699498, 629810.4977331643 5803256.436828378, 629806.8493004319 5803259.412299722)",61.972836221223,OSM:length,1.2,Inferred:highway=footway (typical sidewalk width),-0.04,Inferred:highway=footway (sidewalks typically lowered),0,Default: no crossing indicators found,0,OSM:highway=footway (walk_lane),,,,,,,,,
111,"(0.6621837427971126, 0.12681430960687026)","(0.6674240414004415, 0.11420421045921982)",139343840,primary,Weesperstraat,False,False,13.648567437316538,,13.648567437316538,OSM:length,1.0,Default:highway=primary (fallback width),0.04,Inferred:highway=primary (main roads typically raised),0,Default: no crossing indicators found,0,Default:highway=primary (walk_lane fallback),50,,,,,,,,
1082,"(0.6674240414004415, 0.11420421045921982)","(0.6787419442210223, 0.11899634282783389)","[1452674881, 890177979]",footway,,False,"[False, True]",12.254587120784702,"LINESTRING (629795.536681006 5803254.617946689, 629799.0415021497 5803256.056950586, 629802.4921484899 5803257.483399956, 629806.8493004319 5803259.412299722)",12.254587120784702,OSM:length,1.2,Inferred:highway=footway (typical sidewalk width),-0.04,Inferred:highway=footway (sidewalks typically lowered),0,Default: no crossing indicators found,0,OSM:highway=footway (walk_lane),,,,,,,,,
87,"(0.4498315518969268, 0.05650809648617537)","(0.6484022972382439, 0.12239118783706907)",7370494,residential,Nieuwe Kerkstraat,False,False,208.54848169816123,"LINESTRING (629578.0457674756 5803196.895096449, 629768.9121819519 5803260.282142813, 629771.7689157025 5803261.23662524, 629776.523816526 5803262.808717896)",208.54848169816123,OSM:length,3.5,OSM:width=3.5,-0.04,Default:highway=residential (pedestrian paths default lowered),0,Default: no crossing indicators found,0,Default:highway=residential (walk_lane fallback),30,,,,,3.5,,,
90,"(0.4498315518969268, 0.05650809648617537)","(0.6198943276553673, 0.20623857236519968)","[7370504, 7370765, 7370247]",residential,"['Amstel', 'Nieuwe Keizersgracht']",False,False,294.8740924240383,"LINESTRING (629578.0457674756 5803196.895096449, 629552.182169027 5803273.083440419, 629550.3925455831 5803278.957050134, 629743.9806157666 5803345.208274237, 629748.0291549611 5803346.694957139)",294.8740924240383,OSM:length,1.0,Default:highway=residential (fallback width),-0.04,Default:highway=residential (pedestrian paths default lowered),0,Default: no crossing indicators found,0,Default:highway=residential (walk_lane fallback),30,,,,,,,,
131,"(0.6198943276553673, 0.20623857236519968)","(0.6291938799812585, 0.21002080621194638)",7371033,residential,Nieuwe Keizersgracht,False,False,10.00869202475311,,10.00869202475311,OSM:length,1.0,Default:highway=residential (fallback width),-0.04,Default:highway=residential (pedestrian paths default lowered),0,Default: no crossing indicators found,0,Default:highway=residential (walk_lane fallback),30,,,,,,,,
138,"(0.6198943276553673, 0.20623857236519968)","(0.6502156677796286, 0.13504240564248993)",7370537,primary,Weesperstraat,False,False,77.34543193838688,"LINESTRING (629748.0291549611 5803346.694957139, 629777.0333267329 5803278.892621321, 629778.3363405544 5803275.465798251)",77.34543193838688,OSM:length,1.0,Default:highway=primary (fallback width),0.04,Inferred:highway=primary (main roads typically raised),0,Default: no crossing indicators found,0,Default:highway=primary (walk_lane fallback),50,,2,,,,,,
142,"(0.6054837959954043, 0.24351393281328532)","(0.6198943276553673, 0.20623857236519968)","[588475104, 31987297, 627617183]",primary,Weesperstraat,False,True,40.30237783618766,"LINESTRING (629748.0291549611 5803346.694957139, 629746.0175525188 5803357.882384155, 629739.9287181998 5803373.069040056, 629733.6253503889 5803383.987590916)",40.30237783618766,OSM:length,1.0,Default:highway=primary (fallback width),0.04,Inferred:highway=primary (main roads typically raised),0,Default: no crossing indicators found,0,Default:highway=primary (walk_lane fallback),50,yes,"['3', '2', '1']",,,,,,
95,"(0.7489364041834711, 0.15534090718176516)","(0.7718387582749716, 0.0856296499067111)",7370426,pedestrian,Manegestraat,False,False,73.35113050671967,,73.35113050671967,OSM:length,1.2,Inferred:highway=pedestrian (typical sidewalk width),-0.04,Inferred:highway=pedestrian (sidewalks typically lowered),0,Default: no crossing indicators found,0,OSM:highway=pedestrian (walk_lane),,,,,,,,,
98,"(0.7718387582749716, 0.0856296499067111)","(0.7765107302738969, 0.08655370230477559)",32431338,service,Nieuwe Prinsengracht,False,False,4.746363039662293,,4.746363039662293,OSM:length,1.0,Default:highway=service (fallback width),-0.04,Default:highway=service (pedestrian paths default lowered),0,Default: no crossing indicators found,0,Default:highway=service (walk_lane fallback),,,,,,,driveway,,
122,"(0.7012718359896595, 0.13982425122394737)","(0.7489364041834711, 0.15534090718176516)",7370428,residential,Nieuwe Kerkstraat,False,False,49.96633877581956,,49.96633877581956,OSM:length,1.0,Default:highway=residential (fallback width),-0.04,Default:highway=residential (pedestrian paths default lowered),0,Default: no crossing indicators found,0,Default:highway=residential (walk_lane fallback),30,,,,,,,,
128,"(0.7489364041834711, 0.15534090718176516)","(0.8979496912697974, 0.20385459581340298)","[7370823, 7370431]",residential,Nieuwe Kerkstraat,False,True,156.21051729952654,"LINESTRING (629877.0109923949 5803295.773706077, 629976.1043405043 5803328.069648798, 630017.1124642628 5803341.438796341, 630025.9547174771 5803344.309875857)",156.21051729952654,OSM:length,5.0,OSM:width=5,-0.04,Default:highway=residential (pedestrian paths default lowered),0,Default: no crossing indicators found,0,Default:highway=residential (walk_lane fallback),30,,,,,5,,,
125,"(0.27761384469248845, 0.2500569004042291)","(0.3136417508805179, 0.14518076275837888)",7371056,residential,Amstel,False,False,110.85008016792405,,110.85008016792405,OSM:length,1.0,Default:highway=residential (fallback width),-0.04,Default:highway=residential (pedestrian paths default lowered),0,Default: no crossing indicators found,0,Default:highway=residential (walk_lane fallback),30,,,,,,,,
126,"(0.09216982167611446, 0.18711356810241114)","(0.27761384469248845, 0.2500569004042291)",7371052,residential,Herengracht,False,False,195.21767436059594,"LINESTRING (629220.5509999951 5803327.5610903865, 629220.9142618726 5803327.737559034, 629223.1845773575 5803328.453751051, 629405.9084545037 5803390.533590506)",195.21767436059594,OSM:length,1.0,Default:highway=residential (fallback width),-0.04,Default:highway=residential (pedestrian paths default lowered),0,Default: no crossing indicators found,0,Default:highway=residential (walk_lane fallback),30,,1,,,,,,
988,"(0.08446744176975297, 0.22241923560581778)","(0.09216982167611446, 0.18711356810241114)","[612073337, 451365618, 451365612]",unclassified,Utrechtsestraat,False,True,39.444254334205034,"LINESTRING (629220.5509999951 5803327.5610903865, 629219.5519507647 5803328.247136097, 629216.6169534413 5803330.273517949, 629213.7751271358 5803333.682352975, 629211.5395081942 5803340.212110997, 629209.621830515 5803347.607151934, 629209.7269533308 5803351.649768689, 629211.8985184212 5803358.206135481, 629212.8522156941 5803362.883118467)",39.444254334205034,OSM:length,1.0,Default:highway=unclassified (fallback width),-0.04,Default:highway=unclassified (pedestrian paths default lowered),0,Default: no crossing indicators found,0,Default:highway=unclassified (walk_lane fallback),30,yes,1,,,,,,
152,"(0.9586412843048399, 0.22107413162411052)","(0.9816825178532588, 0.272763789055135)","[374740495, 32431444, 7370759]",tertiary,"['Plantage Kerklaan', 'Roetersstraat']",False,False,57.03906076509115,"LINESTRING (630086.6179786169 5803361.537391167, 630086.8053453466 5803364.50269999, 630087.0831212508 5803366.624580294, 630087.8547177229 5803370.684852435, 630088.8723258332 5803373.427252567, 630090.021930647 5803376.072977505, 630091.3142101376 5803378.73360114, 630095.0603601316 5803385.988625738, 630109.6484561152 5803413.251001485)",57.03906076509115,OSM:length,1.0,Default:highway=tertiary (fallback width),0.04,Inferred:highway=tertiary (main roads typically raised),0,Default: no crossing indicators found,0,Default:highway=tertiary (walk_lane fallback),30,yes,2,,,,,,
153,"(0.9473237063094947, 0.21989664868760758)","(0.9586412843048399, 0.22107413162411052)",7370764,residential,Nieuwe Kerkstraat,False,False,11.468067648503883,"LINESTRING (630086.6179786169 5803361.537391167, 630084.9819757909 5803361.5720772855, 630078.3902569221 5803361.453596077, 630075.3056838645 5803360.359362587)",11.468067648503883,OSM:length,1.0,Default:highway=residential (fallback width),-0.04,Default:highway=residential (pedestrian paths default lowered),0,Default: no crossing indicators found,0,Default:highway=residential (walk_lane fallback),30,,,,,,,,
114,"(0.6583543865281197, 0.13632460092583285)","(0.6621837427971126, 0.12681430960687026)",139343840,primary,Weesperstraat,False,False,10.247281736946672,,10.247281736946672,OSM:length,1.0,Default:highway=primary (fallback width),0.04,Inferred:highway=primary (main roads typically raised),0,Default: no crossing indicators found,0,Default:highway=primary (walk_lane fallback),50,,,,,,,,
121,"(0.6621837427971126, 0.12681430960687026)","(0.6740034796549512, 0.13118581088005168)","[30196874, 1452674882]",residential,,False,False,12.565061977162276,"LINESTRING (629790.2988286655 5803267.233889332, 629797.6698095773 5803269.843188433, 629802.1130478638 5803271.60741635)",12.565061977162276,OSM:length,1.0,Default:highway=residential (fallback width),-0.04,Default:highway=residential (pedestrian paths default lowered),0,Default: no crossing indicators found,0,Default:highway=residential (walk_lane fallback),30,,,,,,,,
132,"(0.6291938799812585, 0.21002080621194638)","(0.6583543865281197, 0.13632460092583285)",139343840,primary,Weesperstraat,False,False,79.21799950180863,,79.21799950180863,OSM:length,1.0,Default:highway=primary (fallback width),0.04,Inferred:highway=primary (main roads typically raised),0,Default: no crossing indicators found,0,Default:highway=primary (walk_lane fallback),50,,,,,,,,
135,"(0.6502156677796286, 0.13504240564248993)","(0.6583543865281197, 0.13632460092583285)",1452674881,footway,,False,True,8.210884058695642,,8.210884058695642,OSM:length,1.2,Inferred:highway=footway (typical sidewalk width),-0.04,Inferred:highway=footway (sidewalks typically lowered),0,Default: no crossing indicators found,0,OSM:highway=footway (walk_lane),,,,,,,,,
1120,"(0.6583543865281197, 0.13632460092583285)","(0.6706843338517134, 0.13944139506791056)",1452674881,footway,,False,False,12.684570288900698,"LINESTRING (629786.4712600069 5803276.7485877015, 629794.0101164221 5803278.416329385, 629798.7954514958 5803279.86682616)",12.684570288900698,OSM:length,1.2,Inferred:highway=footway (typical sidewalk width),-0.04,Inferred:highway=footway (sidewalks typically lowered),0,Default: no crossing indicators found,0,OSM:highway=footway (walk_lane),,,,,,,,,
1081,"(0.6740034796549512, 0.13118581088005168)","(0.6787419442210223, 0.11899634282783389)",1452674881,footway,,False,False,13.072034782580404,,13.072034782580404,OSM:length,1.2,Inferred:highway=footway (typical sidewalk width),-0.04,Inferred:highway=footway (sidewalks typically lowered),0,Default: no crossing indicators found,0,OSM:highway=footway (walk_lane),,,,,,,,,
1119,"(0.6706843338517134, 0.13944139506791056)","(0.6740034796549512, 0.13118581088005168)",1452674881,footway,,False,True,8.89348797388346,,8.89348797388346,OSM:length,1.2,Inferred:highway=footway (typical sidewalk width),-0.04,Inferred:highway=footway (sidewalks typically lowered),0,Default: no crossing indicators found,0,OSM:highway=footway (walk_lane),,,,,,,,,
124,"(0.6740034796549512, 0.13118581088005168)","(0.7012718359896595, 0.13982425122394737)","[269000313, 269000316, 268679077]",residential,Nieuwe Kerkstraat,False,False,29.191482735799248,"LINESTRING (629802.1130478638 5803271.60741635, 629806.5772235326 5803270.767981215, 629807.6838057624 5803271.1755409995, 629821.885830061 5803276.457873668, 629825.212441857 5803277.936715711, 629829.3686748537 5803280.249859731)",29.191482735799248,OSM:length,1.0,Default:highway=residential (fallback width),-0.04,Default:highway=residential (pedestrian paths default lowered),0,Default: no crossing indicators found,0,Default:highway=residential (walk_lane fallback),30,,,building_passage,,,,,
171,"(0.09426173406459759, 0.22580183050946653)","(0.27761384469248845, 0.2500569004042291)","[38322368, 38322369, 7371530, 7371533]",residential,"['Amstel', 'Herengracht']",False,False,216.7813108662512,"LINESTRING (629405.9084545037 5803390.533590506, 629403.1545497597 5803396.036903143, 629395.4381271796 5803418.760089459, 629393.3587927202 5803425.037911755, 629222.6419358423 5803366.267280859)",216.7813108662512,OSM:length,1.0,Default:highway=residential (fallback width),-0.04,Default:highway=residential (pedestrian paths default lowered),0,Default: no crossing indicators found,0,Default:highway=residential (walk_lane fallback),30,yes,,,,,,,
155,"(0.8979496912697974, 0.20385459581340298)","(0.9473237063094947, 0.21989664868760758)",7370823,residential,Nieuwe Kerkstraat,False,True,51.74865675384086,"LINESTRING (630025.9547174771 5803344.309875857, 630067.747039291 5803357.900487794, 630075.3056838645 5803360.359362587)",51.74865675384086,OSM:length,1.0,Default:highway=residential (fallback width),-0.04,Default:highway=residential (pedestrian paths default lowered),0,Default: no crossing indicators found,0,Default:highway=residential (walk_lane fallback),30,,,,,,,,
1137,"(0.8979496912697974, 0.20385459581340298)","(0.9018237840577076, 0.19241007463109822)",1452677633,footway,,False,False,12.079656791954498,"LINESTRING (630025.9547174771 5803344.309875857, 630027.5438043891 5803339.343711606, 630028.7182145392 5803335.891293624, 630029.8270017708 5803332.860051306)",12.079656791954498,OSM:length,1.2,Inferred:highway=footway (typical sidewalk width),-0.04,Inferred:highway=footway (sidewalks typically lowered),0,Default: no crossing indicators found,0,OSM:highway=footway (walk_lane),,,,,,,,,
144,"(0.6291938799812585, 0.21002080621194638)","(0.6418949162780222, 0.21275796550789244)",7370766,residential,Nieuwe Keizersgracht,False,False,12.999511646446122,"LINESTRING (629757.3243660936 5803350.4789436655, 629766.4295013187 5803351.909691083, 629770.0194733249 5803353.217371356)",12.999511646446122,OSM:length,1.0,Default:highway=residential (fallback width),-0.04,Default:highway=residential (pedestrian paths default lowered),0,Default: no crossing indicators found,0,Default:highway=residential (walk_lane fallback),30,,,,,,,,
148,"(0.6146808428219119, 0.2462700375771747)","(0.6291938799812585, 0.21002080621194638)","[139343840, 31987188, 7370992]",primary,Weesperstraat,False,False,39.0426171630042,"LINESTRING (629757.3243660936 5803350.4789436655, 629753.0734161537 5803360.294123695, 629746.7711674119 5803375.564181754, 629742.8181038734 5803386.744972854)",39.0426171630042,OSM:length,1.0,Default:highway=primary (fallback width),0.04,Inferred:highway=primary (main roads typically raised),0,Default: no crossing indicators found,0,Default:highway=primary (walk_lane fallback),50,yes,2,,,,,,
1122,"(0.6441510629577143, 0.133425491305785)","(0.6502156677796286, 0.13504240564248993)",1452674881,footway,,False,True,6.255787110766919,,6.255787110766919,OSM:length,1.2,Inferred:highway=footway (typical sidewalk width),-0.04,Inferred:highway=footway (sidewalks typically lowered),0,Default: no crossing indicators found,0,OSM:highway=footway (walk_lane),,,,,,,,,
147,"(0.6054837959954043, 0.24351393281328532)","(0.6146808428219119, 0.2462700375771747)",7371001,residential,Nieuwe Keizersgracht,False,False,9.570020559072756,,9.570020559072756,OSM:length,1.0,Default:highway=residential (fallback width),-0.04,Default:highway=residential (pedestrian paths default lowered),0,Default: no crossing indicators found,0,Default:highway=residential (walk_lane fallback),30,,,,,,,,
156,"(0.6027241775802963, 0.25046052993548135)","(0.6054837959954043, 0.24351393281328532)",627617183,primary,Weesperstraat,False,True,7.471092591631815,,7.471092591631815,OSM:length,1.0,Default:highway=primary (fallback width),0.04,Inferred:highway=primary (main roads typically raised),0,Default: no crossing indicators found,0,Default:highway=primary (walk_lane fallback),50,,1,,,,,,
161,"(0.5929728272420349, 0.23925788149540045)","(0.6054837959954043, 0.24351393281328532)",610234794,residential,Nieuwe Keizersgracht,False,True,13.18173543772229,"LINESTRING (629733.6253503889 5803383.987590916, 629730.0745525471 5803383.003713525, 629721.1202219742 5803379.729567353)",13.18173543772229,OSM:length,1.0,Default:highway=residential (fallback width),-0.04,Default:highway=residential (pedestrian paths default lowered),0,Default: no crossing indicators found,0,Default:highway=residential (walk_lane fallback),30,,,,,,,,
154,"(0.6418949162780222, 0.21275796550789244)","(0.9473237063094947, 0.21989664868760758)",7370766,residential,Nieuwe Keizersgracht,False,False,330.34453817672534,"LINESTRING (629770.0194733249 5803353.217371356, 629790.9174804984 5803360.85739759, 629964.7072784643 5803419.673434229, 630075.3056838645 5803360.359362587)",330.34453817672534,OSM:length,1.0,Default:highway=residential (fallback width),-0.04,Default:highway=residential (pedestrian paths default lowered),0,Default: no crossing indicators found,0,Default:highway=residential (walk_lane fallback),30,,,,,,,,
1121,"(0.6418949162780222, 0.21275796550789244)","(0.6706843338517134, 0.13944139506791056)",1452674883,footway,,False,True,79.70488838133329,"LINESTRING (629770.0194733249 5803353.217371356, 629775.0211897113 5803340.2501849, 629779.2923359222 5803336.133673546, 629798.5236390193 5803287.59441468, 629798.7954514958 5803279.86682616)",79.70488838133329,OSM:length,1.2,Inferred:highway=footway (typical sidewalk width),-0.04,Inferred:highway=footway (sidewalks typically lowered),0,Default: no crossing indicators found,0,OSM:highway=footway (walk_lane),,,,,,,,,
163,"(0.6113978329829722, 0.25393703600788425)","(0.6146808428219119, 0.2462700375771747)",7370992,primary,Weesperstraat,False,False,8.33581983435805,,8.33581983435805,OSM:length,1.0,Default:highway=primary (fallback width),0.04,Inferred:highway=primary (main roads typically raised),0,Default: no crossing indicators found,0,Default:highway=primary (walk_lane fallback),50,,2,,,,,,
168,"(0.6146808428219119, 0.2462700375771747)","(0.6226391132451204, 0.24896017752874716)","[610234792, 7370768]",residential,Nieuwe Keizersgracht,False,True,8.37397735042088,"LINESTRING (629742.8181038734 5803386.744972854, 629748.6252770477 5803388.71203002, 629750.772659237 5803389.436359411)",8.37397735042088,OSM:length,1.0,Default:highway=residential (fallback width),-0.04,Default:highway=residential (pedestrian paths default lowered),0,Default: no crossing indicators found,0,Default:highway=residential (walk_lane fallback),30,,,,,,,,
173,"(0.9816825178532588, 0.272763789055135)","(0.988128819271121, 0.26947439027198916)",7046529,residential,Plantage Muidergracht,False,False,7.219350604655267,"LINESTRING (630109.6484561152 5803413.251001485, 630111.1449010385 5803412.56714476, 630116.091748287 5803409.960078401)",7.219350604655267,OSM:length,1.0,Default:highway=residential (fallback width),-0.04,Default:highway=residential (pedestrian paths default lowered),0,Default: no crossing indicators found,0,Default:highway=residential (walk_lane fallback),30,,,,,,,,
176,"(0.9122547210464093, 0.3073293185962422)","(0.9816825178532588, 0.272763789055135)",7370801,residential,Plantage Muidergracht,False,False,77.3428934763954,"LINESTRING (630109.6484561152 5803413.251001485, 630108.2680421062 5803413.926795225, 630040.253069416 5803447.832548625)",77.3428934763954,OSM:length,1.0,Default:highway=residential (fallback width),-0.04,Default:highway=residential (pedestrian paths default lowered),0,Default: no crossing indicators found,0,Default:highway=residential (walk_lane fallback),30,,,,,,,,
164,"(0.6027241775802963, 0.25046052993548135)","(0.6113978329829722, 0.25393703600788425)",1398298501,footway,,False,False,9.315860139151782,,9.315860139151782,OSM:length,1.2,Inferred:highway=footway (typical sidewalk width),-0.04,Inferred:highway=footway (sidewalks typically lowered),0,Default: no crossing indicators found,0,OSM:highway=footway (walk_lane),,,,,,,,,
211,"(0.5494203954566872, 0.38141092275746946)","(0.6027241775802963, 0.25046052993548135)","[7370993, 23289010, 627617183]",primary,"['Weesperstraat', 'Jonas Daniël Meijerplein']",False,True,141.4123459747055,"LINESTRING (629730.8670202119 5803390.937407078, 629687.8655076248 5803499.293133652, 629682.6724667219 5803508.415805638, 629677.5881212244 5803521.948482057)",141.4123459747055,OSM:length,1.0,Default:highway=primary (fallback width),0.04,Inferred:highway=primary (main roads typically raised),0,Default: no crossing indicators found,0,Default:highway=primary (walk_lane fallback),50,movable,"['2', '1']",,,,,,
1123,"(0.5930188579027529, 0.2473351029439169)","(0.6027241775802963, 0.25046052993548135)",1398298501,footway,,False,True,10.174572138916735,"LINESTRING (629730.8670202119 5803390.937407078, 629727.2736207095 5803390.01918398, 629721.166231147 5803387.81053177)",10.174572138916735,OSM:length,1.2,Inferred:highway=footway (typical sidewalk width),-0.04,Inferred:highway=footway (sidewalks typically lowered),0,Default: no crossing indicators found,0,OSM:highway=footway (walk_lane),,,,,,,,,
910,"(0.49703015259880595, 0.20566449741177714)","(0.5929728272420349, 0.23925788149540045)",139145309,residential,Nieuwe Keizersgracht,False,True,101.33847792101717,"LINESTRING (629721.1202219742 5803379.729567353, 629715.7466246949 5803377.595898535, 629625.2223350466 5803346.12061616)",101.33847792101717,OSM:length,1.0,Default:highway=residential (fallback width),-0.04,Default:highway=residential (pedestrian paths default lowered),0,Default: no crossing indicators found,0,Default:highway=residential (walk_lane fallback),30,,,,,,,,
891,"(0.5322360199466364, 0.33053382827841066)","(0.5929728272420349, 0.23925788149540045)",1135939021,footway,,False,False,114.06994496938312,"LINESTRING (629721.1202219742 5803379.729567353, 629719.5849040024 5803384.2186808195, 629693.084862524 5803448.303355362, 629674.2751379958 5803463.043765455, 629666.7496107669 5803468.899840379, 629660.4117676809 5803471.047811232)",114.06994496938312,OSM:length,1.2,Inferred:highway=footway (typical sidewalk width),-0.04,Inferred:highway=footway (sidewalks typically lowered),0,Default: no crossing indicators found,0,OSM:highway=footway (walk_lane),,,,,,,,,
819,"(0.5155892910354669, 0.48839011913761476)","(0.6113978329829722, 0.25393703600788425)","[7370992, 7370989, 627617184]",primary,"['Weesperstraat', 'Jonas Daniël Meijerplein']",False,False,253.4404677139806,"LINESTRING (629739.5366266008 5803394.415524157, 629701.9924118734 5803482.058924959, 629694.4884123321 5803501.582102948, 629691.0039912992 5803511.272839077, 629654.8650126728 5803609.515103427, 629650.2749521376 5803618.253032538, 629645.9248636297 5803625.639529547, 629643.7728097534 5803628.977252388)",253.4404677139806,OSM:length,1.0,Default:highway=primary (fallback width),0.04,Inferred:highway=primary (main roads typically raised),0,Default: no crossing indicators found,0,Default:highway=primary (walk_lane fallback),50,movable,"['3', '2']",,,,,,
169,"(0.6113978329829722, 0.25393703600788425)","(0.6226391132451204, 0.24896017752874716)","[1398298500, 1398298501]",footway,,False,False,17.577679474075175,"LINESTRING (629739.5366266008 5803394.415524157, 629744.863916912 5803397.271394037, 629747.0607103242 5803397.930249008, 629750.772659237 5803389.436359411)",17.577679474075175,OSM:length,1.2,Inferred:highway=footway (typical sidewalk width),-0.04,Inferred:highway=footway (sidewalks typically lowered),0,Default: no crossing indicators found,0,OSM:highway=footway (walk_lane),,,,,,,,,
190,"(0.6226391132451204, 0.24896017752874716)","(0.7804438986483109, 0.3018288428580376)",7370768,residential,Nieuwe Keizersgracht,False,True,165.8961209831138,,165.8961209831138,OSM:length,1.0,Default:highway=residential (fallback width),-0.04,Default:highway=residential (pedestrian paths default lowered),0,Default: no crossing indicators found,0,Default:highway=residential (walk_lane fallback),30,,,,,,,,
990,"(0.08446744176975297, 0.22241923560581778)","(0.09426173406459759, 0.22580183050946653)","[642157381, 7371533]",residential,Herengracht,False,False,10.331392624508887,"LINESTRING (629222.6419358423 5803366.267280859, 629216.9639055494 5803364.304241845, 629214.0050176852 5803363.347402135, 629212.8522156941 5803362.883118467)",10.331392624508887,OSM:length,1.0,Default:highway=residential (fallback width),-0.04,Default:highway=residential (pedestrian paths default lowered),0,Default: no crossing indicators found,0,Default:highway=residential (walk_lane fallback),30,,,,,,,,
1040,"(0.0813137524926511, 0.328481131706692)","(0.09426173406459759, 0.22580183050946653)",612073330,footway,,False,False,110.42027459344551,"LINESTRING (629222.6419358423 5803366.267280859, 629199.7321377987 5803456.568524617, 629202.0994443859 5803461.115660561, 629204.6150683389 5803464.164262599, 629209.6785191967 5803466.177940325, 629209.7340462281 5803467.4369843975, 629209.6999986143 5803468.994163444)",110.42027459344551,OSM:length,1.2,Inferred:highway=footway (typical sidewalk width),-0.04,Inferred:highway=footway (sidewalks typically lowered),0,Default: no crossing indicators found,0,OSM:highway=footway (walk_lane),,,,,,,,,
1114,"(0.9677086213310605, 0.21094586686292563)","(0.988128819271121, 0.26947439027198916)","[1267679444, 1267679445, 1267679446]",footway,,False,True,64.30046125257289,"LINESTRING (630116.091748287 5803409.960078401, 630101.2472758542 5803383.892859665, 630095.9859016542 5803373.648568771, 630093.5137805585 5803365.102830419, 630093.6251761562 5803359.596833994, 630095.6810828518 5803351.404432988)",64.30046125257289,OSM:length,1.2,Inferred:highway=footway (typical sidewalk width),-0.04,Inferred:highway=footway (sidewalks typically lowered),0,Default: no crossing indicators found,0,OSM:highway=footway (walk_lane),,yes,,,,,,,
201,"(0.8722711869191987, 0.32878955637338264)","(0.9122547210464093, 0.3073293185962422)",7370801,residential,Plantage Muidergracht,False,False,45.25774695497731,,45.25774695497731,OSM:length,1.0,Default:highway=residential (fallback width),-0.04,Default:highway=residential (pedestrian paths default lowered),0,Default: no crossing indicators found,0,Default:highway=residential (walk_lane fallback),30,,,,,,,,
887,"(0.9122547210464093, 0.3073293185962422)","(0.940364401701279, 0.36994281278653474)",297891383,service,Montefiorepark,False,False,77.51323673970278,"LINESTRING (630040.253069416 5803447.832548625, 630057.7414096912 5803480.847237262, 630067.956996635 5803486.136319711, 630071.3706744701 5803493.3380309455, 630070.651513414 5803496.835852277, 630066.17065214 5803499.343976808, 630064.980728651 5803503.641793511, 630068.3496279812 5803510.475057786)",77.51323673970278,OSM:length,1.0,Default:highway=service (fallback width),-0.04,Default:highway=service (pedestrian paths default lowered),0,Default: no crossing indicators found,0,Default:highway=service (walk_lane fallback),,,,,,,alley,,
181,"(0.3733550053484181, 0.28277303396680614)","(0.391620792202975, 0.2292127820998779)",7370496,residential,Amstel,False,True,56.5681082437035,,56.5681082437035,OSM:length,3.25,OSM:width=3.25,-0.04,Default:highway=residential (pedestrian paths default lowered),0,Default: no crossing indicators found,0,Default:highway=residential (walk_lane fallback),30,,,,,3.25,,,
185,"(0.3733550053484181, 0.28277303396680614)","(0.5126174790204815, 0.32959505216783824)","[7370602, 23289012]",residential,Nieuwe Herengracht,False,False,146.4561176009462,"LINESTRING (629501.6049215143 5803423.264884661, 629509.7569641065 5803425.961073234, 629640.8023850322 5803470.108600094)",146.4561176009462,OSM:length,1.0,Default:highway=residential (fallback width),-0.04,Default:highway=residential (pedestrian paths default lowered),0,Default: no crossing indicators found,0,Default:highway=residential (walk_lane fallback),30,,,,,,,,
188,"(0.36217473589450655, 0.3154840818380269)","(0.3733550053484181, 0.28277303396680614)","[627618658, 38322370, 627618659, 38322371, 7371500]",residential,Amstel,False,False,34.55673471595337,"LINESTRING (629501.6049215143 5803423.264884661, 629501.0726277225 5803424.853478644, 629500.8880960403 5803425.393952367, 629499.8994865108 5803428.272652499, 629498.0975727887 5803433.3224000735, 629494.0172619785 5803445.479382005, 629492.6504519326 5803449.527823868, 629492.4881006188 5803450.002106441, 629492.3479280247 5803450.410197564, 629490.4298712054 5803455.991090768)",34.55673471595337,OSM:length,1.0,Default:highway=residential (fallback width),-0.04,Default:highway=residential (pedestrian paths default lowered),0,Default: no crossing indicators found,0,Default:highway=residential (walk_lane fallback),30,"['yes', 'movable']",,,,,,,
911,"(0.391620792202975, 0.2292127820998779)","(0.49703015259880595, 0.20566449741177714)","[7370496, 139145309, 7370263]",residential,"['Amstel', 'Nieuwe Keizersgracht']",False,"[False, True]",147.5181487464056,"LINESTRING (629519.8621815806 5803369.679813078, 629538.2176943133 5803316.776258239, 629546.7417148477 5803319.582448012, 629625.2223350466 5803346.12061616)",147.5181487464056,OSM:length,3.25,OSM:width=3.25,-0.04,Default:highway=residential (pedestrian paths default lowered),0,Default: no crossing indicators found,0,Default:highway=residential (walk_lane fallback),30,,,,,3.25,,,
966,"(0.391620792202975, 0.2292127820998779)","(0.40894943964365327, 0.23507441367840468)","[441790088, 441790089, 441790087]",footway,,False,False,18.23514182525973,"LINESTRING (629519.8621815806 5803369.679813078, 629524.4000644668 5803371.212568575, 629528.7419729816 5803372.684527894, 629534.6439658803 5803374.6760811135, 629537.1827397061 5803375.544160925)",18.23514182525973,OSM:length,1.2,Inferred:highway=footway (typical sidewalk width),-0.04,Inferred:highway=footway (sidewalks typically lowered),0,Default: no crossing indicators found,0,OSM:highway=footway (walk_lane),,,,building_passage,,,,permissive,
890,"(0.5126174790204815, 0.32959505216783824)","(0.5322360199466364, 0.33053382827841066)","[1135939020, 23289012]","['footway', 'residential']",Nieuwe Herengracht,False,"[False, True]",23.948210080061486,"LINESTRING (629640.8023850322 5803470.108600094, 629658.3092718341 5803476.12297949, 629660.4117676809 5803471.047811232)",23.948210080061486,OSM:length,1.0,"Default:highway=['footway', 'residential'] (fallback width)",-0.04,"Default:highway=['footway', 'residential'] (pedestrian paths default lowered)",0,Default: no crossing indicators found,0,"Default:highway=['footway', 'residential'] (walk_lane fallback)",30,,,,,,,,
894,"(0.5126174790204815, 0.32959505216783824)","(0.5250297300295765, 0.2915549550365807)",303990003,footway,,False,True,40.02728842442555,"LINESTRING (629640.8023850322 5803470.108600094, 629649.0807065363 5803447.044413809, 629653.2088417858 5803432.050875256)",40.02728842442555,OSM:length,1.2,Inferred:highway=footway (typical sidewalk width),-0.04,Inferred:highway=footway (sidewalks typically lowered),0,Default: no crossing indicators found,0,OSM:highway=footway (walk_lane),,,,,,,,,
209,"(0.34232206430992246, 0.3656544264349523)","(0.36217473589450655, 0.3154840818380269)",115843346,residential,Amstel,False,False,54.210256345710505,"LINESTRING (629490.4298712054 5803455.991090768, 629475.843503804 5803498.499143703, 629471.835912738 5803504.525910901, 629470.5864671945 5803506.184684205)",54.210256345710505,OSM:length,1.0,Default:highway=residential (fallback width),-0.04,Default:highway=residential (pedestrian paths default lowered),0,Default: no crossing indicators found,0,Default:highway=residential (walk_lane fallback),30,,,,,,,,
210,"(0.36217473589450655, 0.3154840818380269)","(0.5494203954566872, 0.38141092275746946)","[23289008, 895217147]",residential,Nieuwe Herengracht,False,True,197.88760010815835,"LINESTRING (629490.4298712054 5803455.991090768, 629672.2141522901 5803520.093073001, 629677.5881212244 5803521.948482057)",197.88760010815835,OSM:length,1.0,Default:highway=residential (fallback width),-0.04,Default:highway=residential (pedestrian paths default lowered),0,Default: no crossing indicators found,0,Default:highway=residential (walk_lane fallback),30,,,,,,,,
193,"(0.727001344930598, 0.3500780589692843)","(0.7804438986483109, 0.3018288428580376)","[7370806, 130466838]","['footway', 'residential']",Hortusplantsoen,False,"[False, True]",82.06117762201258,"LINESTRING (629908.5037786112 5803442.329523977, 629905.4307104952 5803449.838535741, 629899.4505709999 5803454.432925933, 629850.139372487 5803481.589586969, 629855.0861728106 5803490.601098681)",82.06117762201258,OSM:length,1.0,"Default:highway=['footway', 'residential'] (fallback width)",-0.04,"Default:highway=['footway', 'residential'] (pedestrian paths default lowered)",0,Default: no crossing indicators found,0,"Default:highway=['footway', 'residential'] (walk_lane fallback)",30,,,,,,,,
196,"(0.7804438986483109, 0.3018288428580376)","(0.7981401593153782, 0.32007144983916813)","[27061819, 38572003, 27061812]",residential,"['Plantage Parklaan', 'Piet Meerburgbrug']",False,False,26.283535032358508,"LINESTRING (629908.5037786112 5803442.329523977, 629913.6545595627 5803444.123656408, 629917.4514897821 5803447.395640121, 629920.4247081702 5803450.9018646395, 629926.1917783548 5803460.580584547)",26.283535032358508,OSM:length,1.0,Default:highway=residential (fallback width),-0.04,Default:highway=residential (pedestrian paths default lowered),0,Default: no crossing indicators found,0,Default:highway=residential (walk_lane fallback),30,yes,,,,,,,
214,"(0.7981401593153782, 0.32007144983916813)","(0.817960872006209, 0.3572253237026574)",27061819,residential,Plantage Parklaan,False,False,42.073521208389984,,42.073521208389984,OSM:length,1.0,Default:highway=residential (fallback width),-0.04,Default:highway=residential (pedestrian paths default lowered),0,Default: no crossing indicators found,0,Default:highway=residential (walk_lane fallback),30,,,,,,,,
197,"(0.7981401593153782, 0.32007144983916813)","(0.8416911746040199, 0.32764935630811737)",7370813,footway,,False,True,45.25158231492138,"LINESTRING (629926.1917783548 5803460.580584547, 629932.1241623964 5803458.054989091, 629969.7224632691 5803468.162002603)",45.25158231492138,OSM:length,1.2,Inferred:highway=footway (typical sidewalk width),-0.04,Inferred:highway=footway (sidewalks typically lowered),0,Default: no crossing indicators found,0,OSM:highway=footway (walk_lane),,,,,,,,,
202,"(0.8416911746040199, 0.32764935630811737)","(0.8722711869191987, 0.32878955637338264)",7370813,footway,,False,True,39.898766169041245,"LINESTRING (629969.7224632691 5803468.162002603, 629987.7459543659 5803458.465697133, 629993.7716703016 5803457.567495941, 630000.2882003007 5803469.302731034)",39.898766169041245,OSM:length,1.2,Inferred:highway=footway (typical sidewalk width),-0.04,Inferred:highway=footway (sidewalks typically lowered),0,Default: no crossing indicators found,0,OSM:highway=footway (walk_lane),,,,,,,,,
205,"(0.8416911746040199, 0.32764935630811737)","(0.8491469481242658, 0.34109466021656937)",7370817,footway,,False,False,15.38017926307817,"LINESTRING (629969.7224632691 5803468.162002603, 629974.3792714285 5803475.763713924, 629977.1747563041 5803481.613537039)",15.38017926307817,OSM:length,1.2,Inferred:highway=footway (typical sidewalk width),-0.04,Inferred:highway=footway (sidewalks typically lowered),0,Default: no crossing indicators found,0,OSM:highway=footway (walk_lane),,,,,,,,,
203,"(0.8491469481242658, 0.34109466021656937)","(0.8722711869191987, 0.32878955637338264)",7370801,residential,Plantage Muidergracht,False,False,26.124307699141877,,26.124307699141877,OSM:length,1.0,Default:highway=residential (fallback width),-0.04,Default:highway=residential (pedestrian paths default lowered),0,Default: no crossing indicators found,0,Default:highway=residential (walk_lane fallback),30,,,,,,,,
215,"(0.817960872006209, 0.3572253237026574)","(0.8491469481242658, 0.34109466021656937)",7370801,residential,Plantage Muidergracht,False,False,35.01671136930475,"LINESTRING (629977.1747563041 5803481.613537039, 629967.9851101984 5803486.234420463, 629946.0032383909 5803497.751675443)",35.01671136930475,OSM:length,1.0,Default:highway=residential (fallback width),-0.04,Default:highway=residential (pedestrian paths default lowered),0,Default: no crossing indicators found,0,Default:highway=residential (walk_lane fallback),30,,,,,,,,
222,"(0.34232206430992246, 0.3656544264349523)","(0.3444648645029547, 0.36840271383425055)",27311282,tertiary,Waterlooplein,False,False,3.479987578091427,,3.479987578091427,OSM:length,1.0,Default:highway=tertiary (fallback width),0.04,Inferred:highway=tertiary (main roads typically raised),0,Default: no crossing indicators found,0,Default:highway=tertiary (walk_lane fallback),30,,,,,,,,
225,"(0.2554102593940059, 0.33081232394027843)","(0.34232206430992246, 0.3656544264349523)","[7371496, 7371497, 38322374]",tertiary,Blauwbrug,False,True,95.0945453433374,"LINESTRING (629470.5864671945 5803506.184684205, 629467.5601402244 5803503.133639888, 629463.3918359147 5803499.985798277, 629460.086415407 5803497.96242862, 629446.9135736434 5803492.674793439, 629402.1484773457 5803472.690008318, 629397.536353837 5803471.133153626, 629393.1942609297 5803470.707438741, 629386.4545703381 5803471.042282115, 629383.7152342265 5803471.326435948)",95.0945453433374,OSM:length,1.0,Default:highway=tertiary (fallback width),0.04,Inferred:highway=tertiary (main roads typically raised),0,Default: no crossing indicators found,0,Default:highway=tertiary (walk_lane fallback),30,yes,,,,,,,
230,"(0.33758337192785287, 0.37115867245566847)","(0.34232206430992246, 0.3656544264349523)",7371552,residential,Amstel,False,False,7.256108033264393,"LINESTRING (629470.5864671945 5803506.184684205, 629466.7879760242 5803510.736780816, 629465.8499869168 5803511.6914808825)",7.256108033264393,OSM:length,1.0,Default:highway=residential (fallback width),-0.04,Default:highway=residential (pedestrian paths default lowered),0,Default: no crossing indicators found,0,Default:highway=residential (walk_lane fallback),30,,1,,,,,,
676,"(0.507151157299699, 0.4819387345583921)","(0.5494203954566872, 0.38141092275746946)",23289010,primary,Jonas Daniël Meijerplein,False,True,109.24733996195492,"LINESTRING (629677.5881212244 5803521.948482057, 629645.1824832124 5803605.709964134, 629640.8626243866 5803614.276949562, 629638.2351985583 5803618.592651678, 629635.3386150858 5803622.52287825)",109.24733996195492,OSM:length,1.0,Default:highway=primary (fallback width),0.04,Inferred:highway=primary (main roads typically raised),0,Default: no crossing indicators found,0,Default:highway=primary (walk_lane fallback),50,,2,,,,,,
216,"(0.817960872006209, 0.3572253237026574)","(0.8638032467256387, 0.447025787308411)",7370819,residential,Plantage Parklaan,False,False,100.74218986737753,,100.74218986737753,OSM:length,1.0,Default:highway=residential (fallback width),-0.04,Default:highway=residential (pedestrian paths default lowered),0,Default: no crossing indicators found,0,Default:highway=residential (walk_lane fallback),30,,,,,,,,
874,"(0.8638032467256387, 0.447025787308411)","(0.8700583091415395, 0.457925440237568)","[7370819, 610234790]",residential,Plantage Parklaan,False,False,12.55631060620361,"LINESTRING (629991.8242130894 5803587.593752408, 629995.144043639 5803593.190333049, 629998.076355533 5803598.4984562155)",12.55631060620361,OSM:length,1.0,Default:highway=residential (fallback width),-0.04,Default:highway=residential (pedestrian paths default lowered),0,Default: no crossing indicators found,0,Default:highway=residential (walk_lane fallback),30,,,,,,,,
942,"(0.8638032467256387, 0.447025787308411)","(0.8806002520510571, 0.4781154934331454)","[452125500, 889255255, 976110215]",footway,,False,"[False, True]",47.339835769742315,"LINESTRING (629991.8242130894 5803587.593752408, 630002.522303769 5803588.276840641, 630005.7865935309 5803594.428420925, 630006.3317266819 5803595.455568059, 630006.5327843644 5803595.839268202, 630007.6230497712 5803597.893562715, 630009.1346775374 5803600.7602828955, 630011.8863900224 5803605.941225892, 630012.9307582678 5803607.927534932, 630008.2925120967 5803610.208968115, 630006.5989937963 5803615.005441653, 630008.6133772795 5803618.697865442)",47.339835769742315,OSM:length,1.2,Inferred:highway=footway (typical sidewalk width),-0.04,Inferred:highway=footway (sidewalks typically lowered),0,Default: no crossing indicators found,0,OSM:highway=footway (walk_lane),,,,,,,,,
1089,"(0.7998439341479484, 0.4630486792878305)","(0.8638032467256387, 0.447025787308411)",976110215,footway,,False,True,69.63333082414431,"LINESTRING (629991.8242130894 5803587.593752408, 629986.5324863165 5803592.951862481, 629977.6477155909 5803599.450468349, 629969.3644964219 5803602.258956042, 629961.6938735761 5803604.571684467, 629952.299189035 5803607.161668724, 629940.7644262093 5803606.690320939, 629930.4264845103 5803604.236203204, 629927.8947578355 5803603.624069365)",69.63333082414431,OSM:length,1.2,Inferred:highway=footway (typical sidewalk width),-0.04,Inferred:highway=footway (sidewalks typically lowered),0,Default: no crossing indicators found,0,OSM:highway=footway (walk_lane),,,,,,,,,
829,"(0.3444648645029547, 0.36840271383425055)","(0.35657025445105023, 0.3865079414334274)",27311282,tertiary,Waterlooplein,False,False,21.7734183717982,"LINESTRING (629472.728267091 5803508.934245155, 629476.20761638 5803513.410602478, 629484.8280060317 5803527.047862682)",21.7734183717982,OSM:length,1.0,Default:highway=tertiary (fallback width),0.04,Inferred:highway=tertiary (main roads typically raised),0,Default: no crossing indicators found,0,Default:highway=tertiary (walk_lane fallback),30,,,,,,,,
235,"(0.3444648645029547, 0.36840271383425055)","(0.3876172697376644, 0.3955220624768983)",895217325,footway,,False,True,51.001484011433654,"LINESTRING (629472.728267091 5803508.934245155, 629480.3800676913 5803511.995627566, 629495.9645944827 5803522.978112141, 629504.933795755 5803528.789684887, 629515.8605280295 5803536.066160851)",51.001484011433654,OSM:length,1.2,Inferred:highway=footway (typical sidewalk width),-0.04,Inferred:highway=footway (sidewalks typically lowered),0,Default: no crossing indicators found,0,OSM:highway=footway (walk_lane),,,,,,,,,
870,"(0.2554102593940059, 0.33081232394027843)","(0.25664160919906176, 0.3404891133936614)",312901768,tertiary,Amstel,False,False,9.891680557697828,"LINESTRING (629383.7152342265 5803471.326435948, 629383.3026038124 5803473.029476219, 629384.946009216 5803481.007709607)",9.891680557697828,OSM:length,1.0,Default:highway=tertiary (fallback width),0.04,Inferred:highway=tertiary (main roads typically raised),0,Default: no crossing indicators found,0,Default:highway=tertiary (walk_lane fallback),30,,,,,,,,
232,"(0.2554102593940059, 0.33081232394027843)","(0.33758337192785287, 0.37115867245566847)","[773856008, 773860193, 773860192]",busway,Blauwbrug,False,False,91.9549181815552,"LINESTRING (629383.7152342265 5803471.326435948, 629391.4202657687 5803473.921651561, 629400.0693065554 5803477.665726557, 629445.0975749004 5803496.967407834, 629451.3292725995 5803500.147219757, 629456.328941934 5803503.02755067, 629462.077843515 5803507.986471267, 629465.8499869168 5803511.6914808825)",91.9549181815552,OSM:length,1.0,Default:highway=busway (fallback width),-0.04,Default:highway=busway (pedestrian paths default lowered),0,Default: no crossing indicators found,0,Default:highway=busway (walk_lane fallback),50,yes,2,,,,,,
1052,"(0.1755916653908038, 0.32556958978051553)","(0.2554102593940059, 0.33081232394027843)",773856011,residential,Amstelstraat,False,True,80.07268026781654,"LINESTRING (629383.7152342265 5803471.326435948, 629370.556825716 5803468.855053963, 629350.3801092994 5803465.654016537, 629342.2713709561 5803464.940209665, 629335.1317624975 5803465.197844221, 629317.0954375239 5803465.581087503, 629303.9339009366 5803466.081272315)",80.07268026781654,OSM:length,1.0,Default:highway=residential (fallback width),-0.04,Default:highway=residential (pedestrian paths default lowered),0,Default: no crossing indicators found,0,Default:highway=residential (walk_lane fallback),30,,2,,,,,,
926,"(0.2659507932300132, 0.3394987404990608)","(0.33758337192785287, 0.37115867245566847)","[7371552, 38322375, 312901769, 884335471, 27344626]","['tertiary', 'residential']","['Amstel', 'Blauwbrug']",False,False,83.20823518793289,"LINESTRING (629465.8499869168 5803511.6914808825, 629464.7098909578 5803512.818933124, 629462.0905143681 5803516.055411752, 629457.7045795778 5803510.820708571, 629452.091500218 5803506.65553077, 629447.8006475265 5803503.5044808835, 629443.3963526487 5803501.040457767, 629398.3497385555 5803481.660404769, 629394.2508475573 5803480.016877775)",83.20823518793289,OSM:length,1.0,"Default:highway=['tertiary', 'residential'] (fallback width)",-0.04,"Default:highway=['tertiary', 'residential'] (pedestrian paths default lowered)",0,Default: no crossing indicators found,0,"Default:highway=['tertiary', 'residential'] (walk_lane fallback)",30,yes,1,,,,,,
834,"(0.33758337192785287, 0.37115867245566847)","(0.3991809689194332, 0.4668079767619766)",773858764,busway,Waterlooplein,False,False,113.67646741431977,"LINESTRING (629465.8499869168 5803511.6914808825, 629470.1560547295 5803517.113286696, 629497.1556631917 5803559.546328226, 629510.7267016736 5803581.026320809, 629527.4188290746 5803607.38510889)",113.67646741431977,OSM:length,1.0,Default:highway=busway (fallback width),-0.04,Default:highway=busway (pedestrian paths default lowered),0,Default: no crossing indicators found,0,Default:highway=busway (walk_lane fallback),50,,2,,,,,,
236,"(0.3876172697376644, 0.3955220624768983)","(0.4476983328661167, 0.438727147719434)",7370604,residential,Nieuwe Amstelstraat,False,True,73.96360096108789,"LINESTRING (629515.8605280295 5803536.066160851, 629517.5362976182 5803536.588790442, 629519.0890200881 5803537.386412056, 629535.8796970276 5803548.868179338, 629542.0668004222 5803553.738564809, 629549.1764006721 5803559.278718152, 629563.0158399541 5803569.514380956, 629572.3765266793 5803576.493813723, 629575.9135442687 5803579.291267246)",73.96360096108789,OSM:length,1.0,Default:highway=residential (fallback width),-0.04,Default:highway=residential (pedestrian paths default lowered),0,Default: no crossing indicators found,0,Default:highway=residential (walk_lane fallback),30,,,,,,,,
239,"(0.37159922518378946, 0.40928421600373394)","(0.3876172697376644, 0.3955220624768983)",23289009,residential,Waterlooplein,False,False,22.0061252977912,"LINESTRING (629515.8605280295 5803536.066160851, 629513.6522300222 5803536.36420907, 629511.837405371 5803536.984222646, 629505.6229076538 5803541.1833882, 629502.7777176754 5803545.493431288, 629499.8499609785 5803549.834691733)",22.0061252977912,OSM:length,1.0,Default:highway=residential (fallback width),-0.04,Default:highway=residential (pedestrian paths default lowered),0,Default: no crossing indicators found,0,Default:highway=residential (walk_lane fallback),30,,,,,,,,
261,"(0.4476983328661167, 0.438727147719434)","(0.4537855224200972, 0.44568393475838647)",7370604,residential,Nieuwe Amstelstraat,False,True,9.638741697025772,"LINESTRING (629575.9135442687 5803579.291267246, 629579.2444152635 5803581.638133511, 629580.3925273657 5803582.536419089, 629581.1973227136 5803583.536961371, 629581.6822278252 5803584.785055329, 629581.9978922163 5803586.2512780465)",9.638741697025772,OSM:length,1.0,Default:highway=residential (fallback width),-0.04,Default:highway=residential (pedestrian paths default lowered),0,Default: no crossing indicators found,0,Default:highway=residential (walk_lane fallback),30,,,,,,,,
260,"(0.4476983328661167, 0.438727147719434)","(0.5272974573182223, 0.42352272458971235)","[1448490096, 7370818]","['footway', 'pedestrian']",A.S. Onderwijzerhof,False,True,93.47679679828279,"LINESTRING (629575.9135442687 5803579.291267246, 629596.1062253725 5803558.310080141, 629614.9940812548 5803548.6018171795, 629647.2605976753 5803560.9365347745, 629655.4755104597 5803564.079798416)",93.47679679828279,OSM:length,1.0,"Default:highway=['footway', 'pedestrian'] (fallback width)",-0.04,"Default:highway=['footway', 'pedestrian'] (pedestrian paths default lowered)",0,Default: no crossing indicators found,0,"Default:highway=['footway', 'pedestrian'] (walk_lane fallback)",,,,,,,,,
245,"(0.11865104923492656, 0.41070933648687524)","(0.193850961956172, 0.39040067282632396)",333134297,tertiary,Amstel,False,False,78.66699748292083,"LINESTRING (629322.1846737436 5803530.942397959, 629299.2349892007 5803542.548338743, 629293.9529255173 5803544.713364702, 629288.9269536107 5803546.206245268, 629282.975519657 5803547.140635636, 629278.5361191601 5803547.569404895, 629247.0198656545 5803551.260472614)",78.66699748292083,OSM:length,1.0,Default:highway=tertiary (fallback width),0.04,Inferred:highway=tertiary (main roads typically raised),0,Default: no crossing indicators found,0,Default:highway=tertiary (walk_lane fallback),30,,,,,,,,
248,"(0.193850961956172, 0.39040067282632396)","(0.2525066440236626, 0.343773372375538)",333134297,tertiary,Amstel,False,True,76.61774454559996,"LINESTRING (629322.1846737436 5803530.942397959, 629356.2363166626 5803512.694765135, 629359.9174215042 5803510.532261183, 629363.2228390769 5803508.148437017, 629366.631488458 5803504.687803928, 629369.5107918765 5803500.890521637, 629373.9428628988 5803492.7046535015, 629380.8129743146 5803484.293490508)",76.61774454559996,OSM:length,1.0,Default:highway=tertiary (fallback width),0.04,Inferred:highway=tertiary (main roads typically raised),0,Default: no crossing indicators found,0,Default:highway=tertiary (walk_lane fallback),30,,,,,,,,
250,"(0.1759171352790778, 0.32978297883590885)","(0.193850961956172, 0.39040067282632396)",451919917,pedestrian,Wagenstraat,False,True,63.20815147118333,"LINESTRING (629322.1846737436 5803530.942397959, 629304.6062760061 5803472.386868592, 629304.2592188899 5803470.296613847)",63.20815147118333,OSM:length,1.2,Inferred:highway=pedestrian (typical sidewalk width),-0.04,Inferred:highway=pedestrian (sidewalks typically lowered),0,Default: no crossing indicators found,0,OSM:highway=pedestrian (walk_lane),,,,,,,,,
254,"(0.05276076146312994, 0.4160122098366257)","(0.11865104923492656, 0.41070933648687524)",333134297,tertiary,Amstel,False,False,65.87506007337812,,65.87506007337812,OSM:length,1.0,Default:highway=tertiary (fallback width),0.04,Inferred:highway=tertiary (main roads typically raised),0,Default: no crossing indicators found,0,Default:highway=tertiary (walk_lane fallback),30,,,,,,,,
257,"(0.10669030105194054, 0.33258375287489084)","(0.11865104923492656, 0.41070933648687524)",7371517,pedestrian,Paardenstraat,False,True,79.02370422265255,"LINESTRING (629247.0198656545 5803551.260472614, 629246.0662701925 5803545.025408134, 629235.0647009576 5803473.098685759)",79.02370422265255,OSM:length,1.2,Inferred:highway=pedestrian (typical sidewalk width),-0.04,Inferred:highway=pedestrian (sidewalks typically lowered),0,Default: no crossing indicators found,0,OSM:highway=pedestrian (walk_lane),,,,,,,,,
868,"(0.2525066440236626, 0.343773372375538)","(0.25664160919906176, 0.3404891133936614)",333134297,tertiary,Amstel,False,True,5.269500825481169,,5.269500825481169,OSM:length,1.0,Default:highway=tertiary (fallback width),0.04,Inferred:highway=tertiary (main roads typically raised),0,Default: no crossing indicators found,0,Default:highway=tertiary (walk_lane fallback),30,,,,,,,,
872,"(0.2525066440236626, 0.343773372375538)","(0.25815154588026257, 0.34734773325162804)",773856009,footway,,False,False,6.664265923557717,,6.664265923557717,OSM:length,1.2,Inferred:highway=footway (typical sidewalk width),-0.04,Inferred:highway=footway (sidewalks typically lowered),0,Default: no crossing indicators found,0,OSM:highway=footway (walk_lane),,,,,,,,,
252,"(0.1759171352790778, 0.32978297883590885)","(0.2525066440236626, 0.343773372375538)",1315948402,footway,,False,True,80.31431807167911,"LINESTRING (629380.8129743146 5803484.293490508, 629374.7792586499 5803480.317676673, 629373.466526911 5803479.459633011, 629370.2274427023 5803475.9467686815, 629351.1055956986 5803469.93552016, 629343.8673160084 5803469.021994158, 629304.2592188899 5803470.296613847)",80.31431807167911,OSM:length,1.2,Inferred:highway=footway (typical sidewalk width),-0.04,Inferred:highway=footway (sidewalks typically lowered),0,Default: no crossing indicators found,0,OSM:highway=footway (walk_lane),,,,,,,,,
1051,"(0.1755916653908038, 0.32556958978051553)","(0.1759171352790778, 0.32978297883590885)",451919917,pedestrian,Wagenstraat,False,True,4.249468271704099,"LINESTRING (629304.2592188899 5803470.296613847, 629303.8421475927 5803467.75935673, 629303.9339009366 5803466.081272315)",4.249468271704099,OSM:length,1.2,Inferred:highway=pedestrian (typical sidewalk width),-0.04,Inferred:highway=pedestrian (sidewalks typically lowered),0,Default: no crossing indicators found,0,OSM:highway=pedestrian (walk_lane),,,,,,,,,
259,"(0.10669030105194054, 0.33258375287489084)","(0.1759171352790778, 0.32978297883590885)",1315948402,footway,,False,True,69.04282560518551,"LINESTRING (629304.2592188899 5803470.296613847, 629259.1405078718 5803472.0612526145, 629235.0647009576 5803473.098685759)",69.04282560518551,OSM:length,1.2,Inferred:highway=footway (typical sidewalk width),-0.04,Inferred:highway=footway (sidewalks typically lowered),0,Default: no crossing indicators found,0,OSM:highway=footway (walk_lane),,,,,,,,,
264,"(0.05004915623638522, 0.33524813439295403)","(0.05276076146312994, 0.4160122098366257)",27344468,pedestrian,Bakkersstraat,False,True,80.84683624404379,"LINESTRING (629181.1603366195 5803556.565803305, 629180.4656493922 5803549.547382064, 629178.4261031571 5803508.6167383995, 629178.2570674315 5803501.556462959, 629178.2883728307 5803489.7159361495, 629178.2964444986 5803489.148564493, 629178.4499972174 5803475.764301946)",80.84683624404379,OSM:length,1.2,Inferred:highway=pedestrian (typical sidewalk width),-0.04,Inferred:highway=pedestrian (sidewalks typically lowered),0,Default: no crossing indicators found,0,OSM:highway=pedestrian (walk_lane),,,,,,,,,
960,"(0.08038468941868238, 0.33375176856409483)","(0.10669030105194054, 0.33258375287489084)",1315948402,footway,,False,True,26.240072970040472,,26.240072970040472,OSM:length,1.2,Inferred:highway=footway (typical sidewalk width),-0.04,Inferred:highway=footway (sidewalks typically lowered),0,Default: no crossing indicators found,0,OSM:highway=footway (walk_lane),,,,,,,,,
1046,"(0.10594316956691018, 0.3278142417340391)","(0.10669030105194054, 0.33258375287489084)",7371517,pedestrian,Paardenstraat,False,True,4.826958742040718,"LINESTRING (629235.0647009576 5803473.098685759, 629234.6344678721 5803470.2828632435, 629234.3179182466 5803468.326964436)",4.826958742040718,OSM:length,1.2,Inferred:highway=pedestrian (typical sidewalk width),-0.04,Inferred:highway=pedestrian (sidewalks typically lowered),0,Default: no crossing indicators found,0,OSM:highway=pedestrian (walk_lane),,,,,,,,,
268,"(0.4537855224200972, 0.44568393475838647)","(0.49856880036748374, 0.47552806802977304)","[1448490097, 7370643]","['footway', 'pedestrian']",Nieuwe Amstelstraat,False,True,54.57085969681148,"LINESTRING (629581.9978922163 5803586.2512780465, 629590.2335697204 5803587.569802756, 629623.5818446947 5803613.6661917325, 629626.7602645477 5803616.109241031)",54.57085969681148,OSM:length,1.0,"Default:highway=['footway', 'pedestrian'] (fallback width)",-0.04,"Default:highway=['footway', 'pedestrian'] (pedestrian paths default lowered)",0,Default: no crossing indicators found,0,"Default:highway=['footway', 'pedestrian'] (walk_lane fallback)",,,,,,,,,
270,"(0.4144452007879101, 0.47700937796318443)","(0.4537855224200972, 0.44568393475838647)",7370644,residential,Turfsteeg,False,True,51.1624348223443,"LINESTRING (629581.9978922163 5803586.2512780465, 629581.8842969881 5803587.461363391, 629581.5841812973 5803588.5107324105, 629581.0381074967 5803589.587016103, 629580.4247578417 5803590.372172115, 629579.7400348536 5803591.021900416, 629554.9295364018 5803610.935669071, 629547.3175110506 5803614.396874964, 629542.6759353331 5803617.591237401)",51.1624348223443,OSM:length,1.0,Default:highway=residential (fallback width),-0.04,Default:highway=residential (pedestrian paths default lowered),0,Default: no crossing indicators found,0,Default:highway=residential (walk_lane fallback),30,,,,,,,,
959,"(0.05004915623638522, 0.33524813439295403)","(0.05068005166351202, 0.32783388358772686)",451087478,footway,,False,False,7.440540782222173,"LINESTRING (629178.4499972174 5803475.764301946, 629178.813925016 5803471.500280025, 629178.9341320775 5803470.034394132, 629179.0805981315 5803468.346615392)",7.440540782222173,OSM:length,1.2,Inferred:highway=footway (typical sidewalk width),-0.04,Inferred:highway=footway (sidewalks typically lowered),0,Default: no crossing indicators found,0,OSM:highway=footway (walk_lane),,,,,,,,,
962,"(0.05004915623638522, 0.33524813439295403)","(0.08038468941868238, 0.33375176856409483)",773856010,pedestrian,Rembrandtplein,False,False,30.267114540746576,"LINESTRING (629178.4499972174 5803475.764301946, 629204.7391254199 5803474.495311852, 629208.7713692432 5803474.2672427045)",30.267114540746576,OSM:length,1.2,Inferred:highway=pedestrian (typical sidewalk width),-0.04,Inferred:highway=pedestrian (sidewalks typically lowered),0,Default: no crossing indicators found,0,OSM:highway=pedestrian (walk_lane),,,,,,,,,
825,"(0.45240853249525964, 0.528232100644038)","(0.49856880036748374, 0.47552806802977304)","[312901770, 191606501]",footway,,False,"[False, True]",71.49725200362494,"LINESTRING (629626.7602645477 5803616.109241031, 629620.4238150191 5803623.387821108, 629590.7364097845 5803650.518254382, 629584.9682169417 5803655.363424143, 629584.178762917 5803657.145566318, 629582.686817023 5803660.511815299, 629580.9390770823 5803667.644107262, 629580.6215450944 5803668.837696591)",71.49725200362494,OSM:length,1.2,Inferred:highway=footway (typical sidewalk width),-0.04,Inferred:highway=footway (sidewalks typically lowered),0,Default: no crossing indicators found,0,OSM:highway=footway (walk_lane),,,,,,,,,
678,"(0.49856880036748374, 0.47552806802977304)","(0.507151157299699, 0.4819387345583921)","[113951848, 1448490097]",footway,,False,"[False, True]",10.733499998521385,"LINESTRING (629626.7602645477 5803616.109241031, 629628.818550427 5803618.144412962, 629631.5352817556 5803619.751755312, 629635.3386150858 5803622.52287825)",10.733499998521385,OSM:length,1.2,Inferred:highway=footway (typical sidewalk width),-0.04,Inferred:highway=footway (sidewalks typically lowered),0,Default: no crossing indicators found,0,OSM:highway=footway (walk_lane),,,,,,,,,
273,"(0.4396434388474541, 0.5375298511370887)","(0.4405004632387587, 0.5287978163974059)",7370734,residential,Waterlooplein,False,True,8.78128700253982,"LINESTRING (629568.7190347326 5803669.403674496, 629568.3377347561 5803675.091753675, 629568.1208578823 5803676.343638003, 629567.8624104152 5803678.139755644)",8.78128700253982,OSM:length,1.0,Default:highway=residential (fallback width),-0.04,Default:highway=residential (pedestrian paths default lowered),0,Default: no crossing indicators found,0,Default:highway=residential (walk_lane fallback),30,,,,,,,,
821,"(0.4396434388474541, 0.5375298511370887)","(0.44880230910254293, 0.5419755076390345)",113952976,footway,,False,True,10.151443119255225,,10.151443119255225,OSM:length,1.2,Inferred:highway=footway (typical sidewalk width),-0.04,Inferred:highway=footway (sidewalks typically lowered),0,Default: no crossing indicators found,0,OSM:highway=footway (walk_lane),,,,,,,,,
333,"(0.40282609890569765, 0.565473257527062)","(0.4396434388474541, 0.5375298511370887)",7370734,residential,Waterlooplein,False,True,46.92386393518755,"LINESTRING (629567.8624104152 5803678.139755644, 629566.2067422781 5803682.291868743, 629563.1537381045 5803685.4389792625, 629553.9924960732 5803691.3412006255, 629531.0622574505 5803706.096110954)",46.92386393518755,OSM:length,1.0,Default:highway=residential (fallback width),-0.04,Default:highway=residential (pedestrian paths default lowered),0,Default: no crossing indicators found,0,Default:highway=residential (walk_lane fallback),30,,,,,,,,
311,"(0.41033135050754754, 0.5221980495191261)","(0.4396434388474541, 0.5375298511370887)",113952976,footway,,False,False,33.020789868611935,"LINESTRING (629567.8624104152 5803678.139755644, 629549.4024484899 5803669.01782618, 629541.9300428226 5803665.104100988, 629538.5640054699 5803662.800849299)",33.020789868611935,OSM:length,1.2,Inferred:highway=footway (typical sidewalk width),-0.04,Inferred:highway=footway (sidewalks typically lowered),0,Default: no crossing indicators found,0,OSM:highway=footway (walk_lane),,,,,,,,,
280,"(0.5956978268571008, 0.5505119262169946)","(0.6294337958738896, 0.5725133635222087)",113951854,residential,Rapenburgerstraat,False,False,40.17465459617965,,40.17465459617965,OSM:length,1.0,Default:highway=residential (fallback width),-0.04,Default:highway=residential (pedestrian paths default lowered),0,Default: no crossing indicators found,0,Default:highway=residential (walk_lane fallback),30,,,,,,,,
283,"(0.5956978268571008, 0.5505119262169946)","(0.7003278124430476, 0.48862553421961913)",452125507,residential,Muiderstraat,False,True,122.57724114317976,"LINESTRING (629723.8439495119 5803691.127846592, 629725.1836680503 5803687.078748195, 629728.1009187826 5803683.91702787, 629819.0810694784 5803635.054057356, 629824.2582843303 5803631.96310409, 629828.4250919938 5803629.212776561)",122.57724114317976,OSM:length,1.0,Default:highway=residential (fallback width),-0.04,Default:highway=residential (pedestrian paths default lowered),0,Default: no crossing indicators found,0,Default:highway=residential (walk_lane fallback),30,,,,,,,,
288,"(0.5861465495789829, 0.5508723488427238)","(0.5956978268571008, 0.5505119262169946)",884331831,footway,,False,False,11.704037475535689,"LINESTRING (629723.8439495119 5803691.127846592, 629720.8391538505 5803694.5098455865, 629714.2971309368 5803691.488436237)",11.704037475535689,OSM:length,1.2,Inferred:highway=footway (typical sidewalk width),-0.04,Inferred:highway=footway (sidewalks typically lowered),0,Default: no crossing indicators found,0,OSM:highway=footway (walk_lane),,,,,,,,,
680,"(0.6294337958738896, 0.5725133635222087)","(0.6863030895958754, 0.6122664113993634)",113951854,residential,Rapenburgerstraat,False,False,69.21793756131909,,69.21793756131909,OSM:length,1.0,Default:highway=residential (fallback width),-0.04,Default:highway=residential (pedestrian paths default lowered),0,Default: no crossing indicators found,0,Default:highway=residential (walk_lane fallback),30,,,,,,,,
682,"(0.6236346415432277, 0.5760983432315543)","(0.6294337958738896, 0.5725133635222087)",184746515,footway,Markenplein,False,True,6.8008891215104,,6.8008891215104,OSM:length,1.2,Inferred:highway=footway (typical sidewalk width),-0.04,Inferred:highway=footway (sidewalks typically lowered),0,Default: no crossing indicators found,0,OSM:highway=footway (walk_lane),,,,,,,,,
356,"(0.7003278124430476, 0.48862553421961913)","(0.8833044463500898, 0.68912039601973)","[7370732, 687295340]",residential,Nieuwe Herengracht,False,True,271.9534902656703,"LINESTRING (629828.4250919938 5803629.212776561, 629830.0341262835 5803629.422139334, 629831.6405843615 5803629.987567533, 629833.5166078912 5803631.4393070815, 629836.1211412031 5803634.457209073, 630006.7865190243 5803827.466231783, 630011.3163092134 5803829.80054729)",271.9534902656703,OSM:length,1.0,Default:highway=residential (fallback width),-0.04,Default:highway=residential (pedestrian paths default lowered),0,Default: no crossing indicators found,0,Default:highway=residential (walk_lane fallback),30,,,,,,,,
850,"(0.7003278124430476, 0.48862553421961913)","(0.7371050839033533, 0.4715847183088666)","[976110209, 976110210, 976110211]",footway,,False,"[False, True]",40.482583446466634,"LINESTRING (629828.4250919938 5803629.212776561, 629846.7935702727 5803620.092672448, 629856.5809930849 5803615.264759066, 629861.0940406995 5803613.336017283, 629865.1851951816 5803612.16406397)",40.482583446466634,OSM:length,1.2,Inferred:highway=footway (typical sidewalk width),-0.04,Inferred:highway=footway (sidewalks typically lowered),0,Default: no crossing indicators found,0,OSM:highway=footway (walk_lane),,yes,,,,,,,
745,"(0.5205624138118826, 0.5888147396418556)","(0.5861465495789829, 0.5508723488427238)","[139709041, 884292017]",footway,,False,False,75.59433169345843,"LINESTRING (629714.2971309368 5803691.488436237, 629713.5372255855 5803692.147294741, 629658.0483739354 5803724.306922592, 629654.7170332915 5803726.122281366, 629652.1175497579 5803727.567393711, 629648.7436109893 5803729.448409466)",75.59433169345843,OSM:length,1.2,Inferred:highway=footway (typical sidewalk width),-0.04,Inferred:highway=footway (sidewalks typically lowered),0,Default: no crossing indicators found,0,OSM:highway=footway (walk_lane),,,,,,,,,
929,"(0.5728264504377224, 0.5258932831333981)","(0.5861465495789829, 0.5508723488427238)","[146834048, 884292017, 1135939018]",footway,Meester Visserplein,False,True,28.29309164685704,"LINESTRING (629714.2971309368 5803691.488436237, 629711.1933743423 5803685.697421941, 629709.8039207652 5803683.101116676, 629708.6676595763 5803680.978905611, 629706.9650660454 5803677.339342227, 629705.6547324553 5803675.101255063, 629704.5987642226 5803673.292776131, 629700.9832498503 5803666.497795277)",28.29309164685704,OSM:length,1.2,Inferred:highway=footway (typical sidewalk width),-0.04,Inferred:highway=footway (sidewalks typically lowered),0,Default: no crossing indicators found,0,OSM:highway=footway (walk_lane),,,,,,,,,
292,"(0.08051980998133182, 0.5486586358337128)","(0.16628442989278988, 0.7087122198283871)",7371325,residential,Groenburgwal,False,False,181.42590303470183,"LINESTRING (629208.9064267292 5803689.273697398, 629213.6466981043 5803698.401528949, 629294.6310102186 5803849.401449911)",181.42590303470183,OSM:length,1.0,Default:highway=residential (fallback width),-0.04,Default:highway=residential (pedestrian paths default lowered),0,Default: no crossing indicators found,0,Default:highway=residential (walk_lane fallback),30,,,,,,,,
296,"(0.08051980998133182, 0.5486586358337128)","(0.17199394381191452, 0.594174103772289)","[7371323, 66861220, 7371325]",residential,"['Zwanenburgwal', 'Groenburgwal', 'Staalkade']",False,True,237.58984607253788,"LINESTRING (629208.9064267292 5803689.273697398, 629184.6384930761 5803641.850230945, 629183.1193162068 5803636.657605031, 629185.722690336 5803633.242502549, 629233.970212496 5803627.452736756, 629238.8707315738 5803632.812033745, 629267.8489304293 5803683.998660304, 629300.337858837 5803734.810257115)",237.58984607253788,OSM:length,1.0,Default:highway=residential (fallback width),-0.04,Default:highway=residential (pedestrian paths default lowered),0,Default: no crossing indicators found,0,Default:highway=residential (walk_lane fallback),30,,,,,,,,
299,"(0.05981929682967198, 0.5502851368128913)","(0.08051980998133182, 0.5486586358337128)","[38316257, 38316258, 7371333]",residential,Staalstraat,False,False,20.695948185224324,"LINESTRING (629208.9064267292 5803689.273697398, 629204.4866145191 5803689.480460002, 629198.8181828684 5803690.021723182, 629193.1302052521 5803690.529092697, 629188.2155769385 5803690.900952094)",20.695948185224324,OSM:length,1.0,Default:highway=residential (fallback width),-0.04,Default:highway=residential (pedestrian paths default lowered),0,Default: no crossing indicators found,0,Default:highway=residential (walk_lane fallback),30,movable,,,,,,,
305,"(0.14733975698862922, 0.7133099922859872)","(0.16628442989278988, 0.7087122198283871)","[7371088, 38316259, 38316260]",residential,Raamgracht,False,True,19.526805218032756,"LINESTRING (629294.6310102186 5803849.401449911, 629289.9023720727 5803849.700182218, 629280.4340536566 5803852.534320146, 629275.6951810186 5803854.001352968)",19.526805218032756,OSM:length,1.0,Default:highway=residential (fallback width),-0.04,Default:highway=residential (pedestrian paths default lowered),0,Default: no crossing indicators found,0,Default:highway=residential (walk_lane fallback),30,yes,,,,,,,
380,"(0.16628442989278988, 0.7087122198283871)","(0.20183968513098707, 0.6970528605435912)",69992906,residential,Raamgracht,False,False,37.49964543898596,"LINESTRING (629294.6310102186 5803849.401449911, 629298.2117339819 5803848.716445111, 629325.4676701792 5803840.6514264, 629330.1696676429 5803837.736687702)",37.49964543898596,OSM:length,1.0,Default:highway=residential (fallback width),-0.04,Default:highway=residential (pedestrian paths default lowered),0,Default: no crossing indicators found,0,Default:highway=residential (walk_lane fallback),30,,,,,,,,
881,"(0.15556088139370047, 0.6048446891859512)","(0.17199394381191452, 0.594174103772289)",273731732,footway,,False,True,19.546369487074465,,19.546369487074465,OSM:length,1.2,Inferred:highway=footway (typical sidewalk width),-0.04,Inferred:highway=footway (sidewalks typically lowered),0,Default: no crossing indicators found,0,OSM:highway=footway (walk_lane),,,,building_passage,,,,,
378,"(0.17199394381191452, 0.594174103772289)","(0.22687875449513384, 0.6794444928408642)",7371323,residential,Zwanenburgwal,False,True,101.2936908183545,"LINESTRING (629300.337858837 5803734.810257115, 629327.7103188861 5803777.574911249, 629355.1970483323 5803820.120160316)",101.2936908183545,OSM:length,1.0,Default:highway=residential (fallback width),-0.04,Default:highway=residential (pedestrian paths default lowered),0,Default: no crossing indicators found,0,Default:highway=residential (walk_lane fallback),30,,,,,,,,
304,"(0.05981929682967198, 0.5502851368128913)","(0.14733975698862922, 0.7133099922859872)",7371087,residential,Groenburgwal,False,True,184.8810698871256,"LINESTRING (629188.2155769385 5803690.900952094, 629261.99812956 5803828.233996241, 629274.0998013525 5803850.420409398, 629275.6951810186 5803854.001352968)",184.8810698871256,OSM:length,1.0,Default:highway=residential (fallback width),-0.04,Default:highway=residential (pedestrian paths default lowered),0,Default: no crossing indicators found,0,Default:highway=residential (walk_lane fallback),30,,,,,,,,
302,"(0.10660955498993688, 0.5465839684404671)","(0.14133442899828777, 0.6036483363549763)",7371116,pedestrian,Verversstraat,False,False,66.77526217361645,"LINESTRING (629234.9839925893 5803687.198068608, 629238.0684447394 5803693.745031651, 629269.6926564202 5803744.288880039)",66.77526217361645,OSM:length,1.2,Inferred:highway=pedestrian (typical sidewalk width),-0.04,Inferred:highway=pedestrian (sidewalks typically lowered),0,Default: no crossing indicators found,0,OSM:highway=pedestrian (walk_lane),,,,,,,,,
395,"(0.14133442899828777, 0.6036483363549763)","(0.14796242234155976, 0.6136335135428723)",7371116,pedestrian,Verversstraat,False,False,11.970786659306766,,11.970786659306766,OSM:length,1.2,Inferred:highway=pedestrian (typical sidewalk width),-0.04,Inferred:highway=pedestrian (sidewalks typically lowered),0,Default: no crossing indicators found,0,OSM:highway=pedestrian (walk_lane),,,,,,,,,
883,"(0.14133442899828777, 0.6036483363549763)","(0.15556088139370047, 0.6048446891859512)",218865889,footway,Verversstraat,False,False,20.127730017900927,"LINESTRING (629269.6926564202 5803744.288880039, 629279.2771720974 5803738.074517878, 629283.9124676592 5803745.485787258)",20.127730017900927,OSM:length,1.2,Inferred:highway=footway (typical sidewalk width),-0.04,Inferred:highway=footway (sidewalks typically lowered),0,Default: no crossing indicators found,0,OSM:highway=footway (walk_lane),,,,,,,,,
406,"(0.08558353766435398, 0.7305454612668035)","(0.14733975698862922, 0.7133099922859872)",7371091,residential,Raamgracht,False,True,63.93366364314926,"LINESTRING (629275.6951810186 5803854.001352968, 629248.4749211015 5803861.23289457, 629222.6101989683 5803868.210803839, 629213.9677905757 5803871.244808831)",63.93366364314926,OSM:length,1.0,Default:highway=residential (fallback width),-0.04,Default:highway=residential (pedestrian paths default lowered),0,Default: no crossing indicators found,0,Default:highway=residential (walk_lane fallback),30,,,,,,,,
309,"(0.3511281887974047, 0.5601212638226669)","(0.41033135050754754, 0.5221980495191261)",7370650,service,Waterlooplein,False,False,70.1382918303371,"LINESTRING (629479.3884808293 5803700.741637146, 629516.6234874222 5803676.702667144, 629536.5496159551 5803664.016574562, 629538.5640054699 5803662.800849299)",70.1382918303371,OSM:length,1.0,Default:highway=service (fallback width),-0.04,Default:highway=service (pedestrian paths default lowered),0,Default: no crossing indicators found,0,Default:highway=service (walk_lane fallback),,,,,,,,,
858,"(0.41033135050754754, 0.5221980495191261)","(0.4279938556846171, 0.5114604820003477)","[7370650, 598007455]",service,Waterlooplein,False,False,20.672655431350595,"LINESTRING (629538.5640054699 5803662.800849299, 629540.3919552442 5803661.680381948, 629541.4999103993 5803660.997266996, 629543.1295608671 5803659.904970944, 629551.3130330448 5803654.399908513, 629555.0472812325 5803652.806534168, 629556.2182654812 5803652.058306012)",20.672655431350595,OSM:length,1.0,Default:highway=service (fallback width),-0.04,Default:highway=service (pedestrian paths default lowered),0,Default: no crossing indicators found,0,Default:highway=service (walk_lane fallback),,,,,,,,,
1002,"(0.40534098938408697, 0.516037695151404)","(0.41033135050754754, 0.5221980495191261)",113952976,footway,,False,False,7.917704162255728,"LINESTRING (629538.5640054699 5803662.800849299, 629536.7400908994 5803660.660590252, 629533.5759739341 5803656.637640235)",7.917704162255728,OSM:length,1.2,Inferred:highway=footway (typical sidewalk width),-0.04,Inferred:highway=footway (sidewalks typically lowered),0,Default: no crossing indicators found,0,OSM:highway=footway (walk_lane),,,,,,,,,
317,"(0.4876115572175179, 0.5703721342998139)","(0.4984616779025936, 0.5827937642494854)","[7370774, 113951839]",unclassified,Jodenbreestraat,False,True,41.34892699897529,"LINESTRING (629615.8081364301 5803710.997257857, 629616.2817700931 5803720.436100911, 629615.086138483 5803726.002579989, 629612.1943304228 5803733.894914201, 629626.6531920894 5803723.424643965)",41.34892699897529,OSM:length,1.0,Default:highway=unclassified (fallback width),-0.04,Default:highway=unclassified (pedestrian paths default lowered),0,Default: no crossing indicators found,0,Default:highway=unclassified (walk_lane fallback),30,,,,,,,,
319,"(0.4657992804708603, 0.5316655354091848)","(0.4876115572175179, 0.5703721342998139)","[773836667, 773858758]",primary,Meester Visserplein,False,False,44.728721615981904,"LINESTRING (629615.8081364301 5803710.997257857, 629603.08385058 5803690.507459266, 629599.4179327438 5803684.846402558, 629596.7431552564 5803680.86967629, 629595.733557027 5803678.850989288, 629594.1917726784 5803674.792793977, 629594.0715680047 5803673.665588173, 629594.0060420351 5803672.2727224035)",44.728721615981904,OSM:length,1.0,Default:highway=primary (fallback width),0.04,Inferred:highway=primary (main roads typically raised),0,Default: no crossing indicators found,0,Default:highway=primary (walk_lane fallback),30,,"['3', '2']",,,,,,
740,"(0.4984616779025936, 0.5827937642494854)","(0.5123437034919355, 0.5952506785586917)",7371010,primary,Valkenburgerstraat,False,True,18.644923016580314,"LINESTRING (629626.6531920894 5803723.424643965, 629635.6265502211 5803732.163549918, 629640.5287373068 5803735.887330784)",18.644923016580314,OSM:length,1.0,Default:highway=primary (fallback width),0.04,Inferred:highway=primary (main roads typically raised),0,Default: no crossing indicators found,0,Default:highway=primary (walk_lane fallback),30,,3,,,,,,
746,"(0.4984616779025936, 0.5827937642494854)","(0.5205624138118826, 0.5888147396418556)","[901111073, 113951839]","['unclassified', 'primary']","['Jodenbreestraat', 'Valkenburgerstraat']",False,"[False, True]",53.20239715537744,"LINESTRING (629626.6531920894 5803723.424643965, 629628.5644421008 5803719.657668568, 629629.0380442688 5803714.60638149, 629625.2461926764 5803705.191470127, 629633.0376257865 5803714.578131089, 629638.5210390396 5803720.031098262, 629643.8373261985 5803724.845310932, 629648.7436109893 5803729.448409466)",53.20239715537744,OSM:length,1.0,"Default:highway=['unclassified', 'primary'] (fallback width)",-0.04,"Default:highway=['unclassified', 'primary'] (pedestrian paths default lowered)",0,Default: no crossing indicators found,0,"Default:highway=['unclassified', 'primary'] (walk_lane fallback)",30,,2,,,,,,
826,"(0.45240853249525964, 0.528232100644038)","(0.4657992804708603, 0.5316655354091848)",773858764,busway,Waterlooplein,False,True,13.797754296009735,"LINESTRING (629594.0060420351 5803672.2727224035, 629590.6008856943 5803671.715677565, 629586.4135732778 5803670.592722876, 629580.6215450944 5803668.837696591)",13.797754296009735,OSM:length,1.0,Default:highway=busway (fallback width),-0.04,Default:highway=busway (pedestrian paths default lowered),0,Default: no crossing indicators found,0,Default:highway=busway (walk_lane fallback),50,,2,,,,,,
1054,"(0.4657992804708603, 0.5316655354091848)","(0.479979115856478, 0.5348972792177007)","[773858762, 1116105055]",busway,Meester Visserplein,False,False,14.49493222592181,"LINESTRING (629594.0060420351 5803672.2727224035, 629595.6379088203 5803672.649546756, 629603.9461297693 5803674.5709831305, 629608.179258026 5803675.505963796)",14.49493222592181,OSM:length,1.0,Default:highway=busway (fallback width),-0.04,Default:highway=busway (pedestrian paths default lowered),0,Default: no crossing indicators found,0,Default:highway=busway (walk_lane fallback),50,,2,,,,,,
677,"(0.4657992804708603, 0.5316655354091848)","(0.507151157299699, 0.4819387345583921)","[773858760, 23289010, 1233682997]",primary,"['Meester Visserplein', 'Jonas Daniël Meijerplein']",False,False,66.57369229503742,"LINESTRING (629594.0060420351 5803672.2727224035, 629593.9186294285 5803670.934926237, 629594.8787455 5803663.704004044, 629596.9946564119 5803659.408205276, 629600.1352448231 5803656.040836973, 629625.1170777023 5803632.982262389, 629631.2681057799 5803627.312530991, 629635.3386150858 5803622.52287825)",66.57369229503742,OSM:length,1.0,Default:highway=primary (fallback width),0.04,Inferred:highway=primary (main roads typically raised),0,Default: no crossing indicators found,0,Default:highway=primary (walk_lane fallback),"['50', '30']",,2,,,,,,
327,"(0.3555442671803409, 0.5958673452549429)","(0.3849597709555213, 0.6401349946591678)",7370607,residential,Houtkopersdwarsstraat,False,False,53.08773650847283,,53.08773650847283,OSM:length,1.0,Default:highway=residential (fallback width),-0.04,Default:highway=residential (pedestrian paths default lowered),0,Default: no crossing indicators found,0,Default:highway=residential (walk_lane fallback),30,,,,,,,,
331,"(0.3555442671803409, 0.5958673452549429)","(0.40282609890569765, 0.565473257527062)",7370734,residential,Waterlooplein,False,False,56.07211196861773,,56.07211196861773,OSM:length,1.0,Default:highway=residential (fallback width),-0.04,Default:highway=residential (pedestrian paths default lowered),0,Default: no crossing indicators found,0,Default:highway=residential (walk_lane fallback),30,,,,,,,,
334,"(0.32026859454132817, 0.6175779226738195)","(0.3555442671803409, 0.5958673452549429)",7371363,residential,Waterlooplein,False,False,41.318366984847735,,41.318366984847735,OSM:length,1.0,Default:highway=residential (fallback width),-0.04,Default:highway=residential (pedestrian paths default lowered),0,Default: no crossing indicators found,0,Default:highway=residential (walk_lane fallback),30,,,,,,,,
337,"(0.3541918714874991, 0.5939073674631987)","(0.3555442671803409, 0.5958673452549429)",1307706067,service,,False,False,2.3783653352201446,,2.3783653352201446,OSM:length,1.0,Default:highway=service (fallback width),-0.04,Default:highway=service (pedestrian paths default lowered),0,Default: no crossing indicators found,0,Default:highway=service (walk_lane fallback),,,,,,,,,
344,"(0.3849597709555213, 0.6401349946591678)","(0.3923185733275315, 0.6518528200785687)","[884335473, 7370607]",residential,Houtkopersdwarsstraat,False,False,13.826068308819048,"LINESTRING (629513.2042698142 5803780.79244619, 629516.8737156411 5803786.3199819075, 629520.5596369688 5803792.515701626)",13.826068308819048,OSM:length,1.0,Default:highway=residential (fallback width),-0.04,Default:highway=residential (pedestrian paths default lowered),0,Default: no crossing indicators found,0,Default:highway=residential (walk_lane fallback),30,,,,,,,,
932,"(0.3849597709555213, 0.6401349946591678)","(0.40863643108426695, 0.6592898040372619)","[870899087, 884292018, 870899086, 1307706071]","['footway', 'steps']",,False,False,37.72446663635942,"LINESTRING (629513.2042698142 5803780.79244619, 629520.8020115971 5803776.050973328, 629524.2911608757 5803781.4402224, 629528.0507894775 5803787.682403388, 629532.3377259878 5803793.560069923, 629534.5453836534 5803796.38930225, 629536.8698772646 5803799.956131869)",37.72446663635942,OSM:length,1.0,"Default:highway=['footway', 'steps'] (fallback width)",-0.04,"Default:highway=['footway', 'steps'] (pedestrian paths default lowered)",0,Default: no crossing indicators found,0,"Default:highway=['footway', 'steps'] (walk_lane fallback)",,,,,,,,,
670,"(0.3015545077113844, 0.6934301521350085)","(0.3849597709555213, 0.6401349946591678)",1307706071,footway,,False,True,98.74374088555592,"LINESTRING (629513.2042698142 5803780.79244619, 629487.7196777129 5803797.372298723, 629454.9727071257 5803817.867968613, 629436.187373536 5803830.205959762, 629429.8379416032 5803834.1123005375)",98.74374088555592,OSM:length,1.2,Inferred:highway=footway (typical sidewalk width),-0.04,Inferred:highway=footway (sidewalks typically lowered),0,Default: no crossing indicators found,0,OSM:highway=footway (walk_lane),,,,,,,,,
1116,"(0.4019247673676337, 0.563725352976441)","(0.40282609890569765, 0.565473257527062)",1307706068,service,,False,False,1.9649812414849848,,1.9649812414849848,OSM:length,1.0,Default:highway=service (fallback width),-0.04,Default:highway=service (pedestrian paths default lowered),0,Default: no crossing indicators found,0,Default:highway=service (walk_lane fallback),,,,,,,,,
338,"(0.2711293060574389, 0.6486692957808021)","(0.32026859454132817, 0.6175779226738195)",1307706062,pedestrian,Waterlooplein,False,False,58.00712111030686,,58.00712111030686,OSM:length,1.2,Inferred:highway=pedestrian (typical sidewalk width),-0.04,Inferred:highway=pedestrian (sidewalks typically lowered),0,Default: no crossing indicators found,0,OSM:highway=pedestrian (walk_lane),,,,,,,,,
341,"(0.31912895227775784, 0.6160796254682003)","(0.32026859454132817, 0.6175779226738195)",1307706066,service,,False,False,1.8798761870688316,,1.8798761870688316,OSM:length,1.0,Default:highway=service (fallback width),-0.04,Default:highway=service (pedestrian paths default lowered),0,Default: no crossing indicators found,0,Default:highway=service (walk_lane fallback),,,,,,,,,
770,"(0.2505382907327655, 0.6166033947874147)","(0.2711293060574389, 0.6486692957808021)",229374482,pedestrian,Zwanenburgwal,False,False,38.06534963026755,"LINESTRING (629399.4269429646 5803789.33070209, 629398.2359115409 5803787.474226017, 629378.8455398853 5803757.24994182)",38.06534963026755,OSM:length,1.2,Inferred:highway=pedestrian (typical sidewalk width),-0.04,Inferred:highway=pedestrian (sidewalks typically lowered),0,Default: no crossing indicators found,0,OSM:highway=pedestrian (walk_lane),,,,,,,,,
668,"(0.2711293060574389, 0.6486692957808021)","(0.3015545077113844, 0.6934301521350085)",229374482,pedestrian,Zwanenburgwal,False,True,54.06015556938466,"LINESTRING (629399.4269429646 5803789.33070209, 629403.4714645048 5803795.6247856105, 629429.8379416032 5803834.1123005375)",54.06015556938466,OSM:length,1.2,Inferred:highway=pedestrian (typical sidewalk width),-0.04,Inferred:highway=pedestrian (sidewalks typically lowered),0,Default: no crossing indicators found,0,OSM:highway=pedestrian (walk_lane),,,,,,,,,
345,"(0.37701155551187676, 0.6614176307796489)","(0.3923185733275315, 0.6518528200785687)",38343346,unclassified,Jodenbreestraat,False,False,18.00520190190182,,18.00520190190182,OSM:length,1.0,Default:highway=unclassified (fallback width),-0.04,Default:highway=unclassified (pedestrian paths default lowered),0,Default: no crossing indicators found,0,Default:highway=unclassified (walk_lane fallback),30,,,,,,,,
350,"(0.3923185733275315, 0.6518528200785687)","(0.3994813140012911, 0.6645444145181435)",7370679,residential,Uilenburgersteeg,False,False,14.56350715734823,"LINESTRING (629520.5596369688 5803792.515701626, 629523.9614677868 5803798.89314624, 629527.7190339501 5803805.213177326)",14.56350715734823,OSM:length,1.0,Default:highway=residential (fallback width),-0.04,Default:highway=residential (pedestrian paths default lowered),0,Default: no crossing indicators found,0,Default:highway=residential (walk_lane fallback),30,,,,,,,,
1075,"(0.37701155551187676, 0.6614176307796489)","(0.38071494864040917, 0.6677888695296538)",884292019,footway,,False,False,7.36216647319008,,7.36216647319008,OSM:length,1.2,Inferred:highway=footway (typical sidewalk width),-0.04,Inferred:highway=footway (sidewalks typically lowered),0,Default: no crossing indicators found,0,OSM:highway=footway (walk_lane),,,,,,,,,
1076,"(0.37367300232846884, 0.655167222054814)","(0.37701155551187676, 0.6614176307796489)",884292019,footway,,False,True,7.079972939167694,,7.079972939167694,OSM:length,1.2,Inferred:highway=footway (typical sidewalk width),-0.04,Inferred:highway=footway (sidewalks typically lowered),0,Default: no crossing indicators found,0,OSM:highway=footway (walk_lane),,,,,,,,,
667,"(0.3068937647996281, 0.7018688575164511)","(0.37701155551187676, 0.6614176307796489)",38343346,unclassified,Jodenbreestraat,False,False,80.80719621182628,"LINESTRING (629505.2597647363 5803802.084944642, 629453.8155984395 5803833.117825527, 629450.4495772592 5803835.221761692, 629439.268316604 5803840.759455363, 629435.8293061345 5803842.271638963, 629435.174706233 5803842.554916399)",80.80719621182628,OSM:length,1.0,Default:highway=unclassified (fallback width),-0.04,Default:highway=unclassified (pedestrian paths default lowered),0,Default: no crossing indicators found,0,Default:highway=unclassified (walk_lane fallback),30,,,,,,,,
410,"(0.3994813140012911, 0.6645444145181435)","(0.43329700521493825, 0.7194846962373198)","[38316288, 7370671, 7370679]",residential,Uilenburgersteeg,False,False,64.47769843058462,"LINESTRING (629527.7190339501 5803805.213177326, 629551.4470635827 5803845.557314411, 629556.6566749784 5803853.128653355, 629561.5189394087 5803860.178918265)",64.47769843058462,OSM:length,1.0,Default:highway=residential (fallback width),-0.04,Default:highway=residential (pedestrian paths default lowered),0,Default: no crossing indicators found,0,Default:highway=residential (walk_lane fallback),30,yes,,,,,,,
930,"(0.3994813140012911, 0.6645444145181435)","(0.40863643108426695, 0.6592898040372619)",870896294,footway,,False,True,10.529586623429513,"LINESTRING (629527.7190339501 5803805.213177326, 629531.9637828487 5803802.854181305, 629536.8698772646 5803799.956131869)",10.529586623429513,OSM:length,1.2,Inferred:highway=footway (typical sidewalk width),-0.04,Inferred:highway=footway (sidewalks typically lowered),0,Default: no crossing indicators found,0,OSM:highway=footway (walk_lane),,,,,,,,,
357,"(0.8833044463500898, 0.68912039601973)","(0.9054541052230206, 0.6677348433969954)","[7370731, 38572004, 803607070]",tertiary,Anne Frankstraat,False,False,30.76925028165152,"LINESTRING (630033.4556282389 5803808.4050846435, 630028.953775451 5803812.493019869, 630019.7180506208 5803820.685033119, 630011.3163092134 5803829.80054729)",30.76925028165152,OSM:length,1.0,Default:highway=tertiary (fallback width),0.04,Inferred:highway=tertiary (main roads typically raised),0,Default: no crossing indicators found,0,Default:highway=tertiary (walk_lane fallback),30,movable,2,,,,,,
361,"(0.9054541052230206, 0.6677348433969954)","(0.946730565444959, 0.6367201888226511)",374740493,tertiary,Anne Frankstraat,False,True,51.681330390372956,"LINESTRING (630033.4556282389 5803808.4050846435, 630064.5141640988 5803787.20080108, 630073.1853444361 5803779.23879425, 630074.7128198885 5803777.376057939)",51.681330390372956,OSM:length,1.0,Default:highway=tertiary (fallback width),0.04,Inferred:highway=tertiary (main roads typically raised),0,Default: no crossing indicators found,0,Default:highway=tertiary (walk_lane fallback),30,,,,,,,,
365,"(0.9054541052230206, 0.6677348433969954)","(0.9393651773790096, 0.624267123985009)",374740500,tertiary,Anne Frankstraat,False,False,56.661068241769364,"LINESTRING (630033.4556282389 5803808.4050846435, 630038.436484671 5803801.914773503, 630056.6064068445 5803785.088825679, 630061.5710671404 5803780.245226063, 630065.2663035768 5803775.490518444, 630066.8961164225 5803770.269472069, 630067.3508701143 5803764.917222375)",56.661068241769364,OSM:length,1.0,Default:highway=tertiary (fallback width),0.04,Inferred:highway=tertiary (main roads typically raised),0,Default: no crossing indicators found,0,Default:highway=tertiary (walk_lane fallback),30,,1,,,,,,
369,"(0.8588486936610832, 0.7111237786185276)","(0.8833044463500898, 0.68912039601973)",860006705,tertiary,Anne Frankstraat,False,False,32.835231281558926,,32.835231281558926,OSM:length,1.0,Default:highway=tertiary (fallback width),0.04,Inferred:highway=tertiary (main roads typically raised),0,Default: no crossing indicators found,0,Default:highway=tertiary (walk_lane fallback),30,,1,,,,,,
370,"(0.8833044463500898, 0.68912039601973)","(0.9621900611316362, 0.7799273499396266)","[7370618, 727222263]",residential,Nieuwe Herengracht,False,True,120.2015501081159,"LINESTRING (630011.3163092134 5803829.80054729, 630019.1134611014 5803841.258036567, 630076.8983614295 5803905.8311245795, 630083.852493674 5803913.604956561, 630090.1650988127 5803920.649580975)",120.2015501081159,OSM:length,1.0,Default:highway=residential (fallback width),-0.04,Default:highway=residential (pedestrian paths default lowered),0,Default: no crossing indicators found,0,Default:highway=residential (walk_lane fallback),30,,,,,,,,
374,"(0.8541667676791708, 0.7064728144642477)","(0.8833044463500898, 0.68912039601973)",860006708,tertiary,Anne Frankstraat,False,True,34.941069597968564,"LINESTRING (630011.3163092134 5803829.80054729, 630000.1483921519 5803831.709238508, 629982.1922325196 5803847.161006811)",34.941069597968564,OSM:length,1.0,Default:highway=tertiary (fallback width),0.04,Inferred:highway=tertiary (main roads typically raised),0,Default: no crossing indicators found,0,Default:highway=tertiary (walk_lane fallback),30,,,,,,,,
1092,"(0.946730565444959, 0.6367201888226511)","(0.9734442409514183, 0.6654356256862165)",978894841,service,,False,False,39.1526071558084,,39.1526071558084,OSM:length,1.0,Default:highway=service (fallback width),-0.04,Default:highway=service (pedestrian paths default lowered),0,Default: no crossing indicators found,0,Default:highway=service (walk_lane fallback),,,,,,,,,
757,"(0.946730565444959, 0.6367201888226511)","(0.9486987456788986, 0.6316217144348576)",374740493,tertiary,Anne Frankstraat,False,True,5.49302266541584,"LINESTRING (630074.7128198885 5803777.376057939, 630076.1604631151 5803774.409424512, 630076.6800813415 5803772.275220928)",5.49302266541584,OSM:length,1.0,Default:highway=tertiary (fallback width),0.04,Inferred:highway=tertiary (main roads typically raised),0,Default: no crossing indicators found,0,Default:highway=tertiary (walk_lane fallback),30,,,,,,,,
944,"(0.9372955094093341, 0.6177383217170713)","(0.9393651773790096, 0.624267123985009)",374740498,tertiary,Plantage Parklaan,False,False,6.846194518525213,,6.846194518525213,OSM:length,1.0,Default:highway=tertiary (fallback width),0.04,Inferred:highway=tertiary (main roads typically raised),0,Default: no crossing indicators found,0,Default:highway=tertiary (walk_lane fallback),30,,1,,,,,,
755,"(0.9393651773790096, 0.624267123985009)","(0.9486987456788986, 0.6316217144348576)",884332170,residential,Plantage Doklaan,False,True,11.856401001832111,,11.856401001832111,OSM:length,1.0,Default:highway=residential (fallback width),-0.04,Default:highway=residential (pedestrian paths default lowered),0,Default: no crossing indicators found,0,Default:highway=residential (walk_lane fallback),30,,,,,,,,
391,"(0.8588486936610832, 0.7111237786185276)","(0.872437950055565, 0.7299703487355316)",7370670,service,,False,False,23.204863911338407,,23.204863911338407,OSM:length,1.0,Default:highway=service (fallback width),-0.04,Default:highway=service (pedestrian paths default lowered),0,Default: no crossing indicators found,0,Default:highway=service (walk_lane fallback),,,,,,,,,
373,"(0.8541667676791708, 0.7064728144642477)","(0.8588486936610832, 0.7111237786185276)",7370670,service,,False,True,6.587180701314311,,6.587180701314311,OSM:length,1.0,Default:highway=service (fallback width),-0.04,Default:highway=service (pedestrian paths default lowered),0,Default: no crossing indicators found,0,Default:highway=service (walk_lane fallback),,,,,,,,,
392,"(0.8454424534789633, 0.7245528412300214)","(0.8588486936610832, 0.7111237786185276)",860006705,tertiary,Anne Frankstraat,False,False,18.943115694337724,,18.943115694337724,OSM:length,1.0,Default:highway=tertiary (fallback width),0.04,Inferred:highway=tertiary (main roads typically raised),0,Default: no crossing indicators found,0,Default:highway=tertiary (walk_lane fallback),30,,1,,,,,,
448,"(0.9621900611316362, 0.7799273499396266)","(0.9942116558221952, 0.8148345374073512)",7370686,residential,Rapenburgerplein,False,False,47.289669064769576,"LINESTRING (630090.1650988127 5803920.649580975, 630116.961074696 5803949.881769686, 630122.1717452637 5803955.572944365)",47.289669064769576,OSM:length,1.0,Default:highway=residential (fallback width),-0.04,Default:highway=residential (pedestrian paths default lowered),0,Default: no crossing indicators found,0,Default:highway=residential (walk_lane fallback),30,,,,,,,,
451,"(0.9172582654500028, 0.8136486280409001)","(0.9621900611316362, 0.7799273499396266)",7370705,residential,Rapenburg,False,True,56.95290447124056,"LINESTRING (630090.1650988127 5803920.649580975, 630079.1353618501 5803930.741684603, 630067.3204097019 5803934.458305987, 630045.2542780777 5803954.386485451)",56.95290447124056,OSM:length,1.0,Default:highway=residential (fallback width),-0.04,Default:highway=residential (pedestrian paths default lowered),0,Default: no crossing indicators found,0,Default:highway=residential (walk_lane fallback),30,,,,,,,,
401,"(0.8393055942881225, 0.7192516984433193)","(0.8541667676791708, 0.7064728144642477)",860006708,tertiary,Anne Frankstraat,False,True,19.561370894133763,"LINESTRING (629982.1922325196 5803847.161006811, 629980.2057243789 5803848.866972141, 629967.3379965838 5803859.9458125)",19.561370894133763,OSM:length,1.0,Default:highway=tertiary (fallback width),0.04,Inferred:highway=tertiary (main roads typically raised),0,Default: no crossing indicators found,0,Default:highway=tertiary (walk_lane fallback),30,,,,,,,,
379,"(0.20183968513098707, 0.6970528605435912)","(0.22687875449513384, 0.6794444928408642)",69992906,residential,Raamgracht,False,True,30.54056792976017,,30.54056792976017,OSM:length,1.0,Default:highway=residential (fallback width),-0.04,Default:highway=residential (pedestrian paths default lowered),0,Default: no crossing indicators found,0,Default:highway=residential (walk_lane fallback),30,,,,,,,,
384,"(0.22687875449513384, 0.6794444928408642)","(0.23651574605588227, 0.6952487443502539)","[7371089, 38316261, 38316262]",residential,"['Moddermolenbrug', 'Zwanenburgwal', 'Raamgracht']",False,False,18.522234555083976,"LINESTRING (629355.1970483323 5803820.120160316, 629358.5916192414 5803825.4845432555, 629363.5037672743 5803832.981074597, 629364.8295411771 5803835.931735485)",18.522234555083976,OSM:length,1.0,Default:highway=residential (fallback width),-0.04,Default:highway=residential (pedestrian paths default lowered),0,Default: no crossing indicators found,0,Default:highway=residential (walk_lane fallback),30,yes,,,,,,,
396,"(0.14796242234155976, 0.6136335135428723)","(0.20183968513098707, 0.6970528605435912)","[266927144, 7371116, 266927143]",pedestrian,Verversstraat,False,True,99.19380560065154,"LINESTRING (629330.1696676429 5803837.736687702, 629309.6775127692 5803805.881150228, 629308.9581903837 5803804.738219066, 629276.3175557004 5803754.278684339)",99.19380560065154,OSM:length,1.2,Inferred:highway=pedestrian (typical sidewalk width),-0.04,Inferred:highway=pedestrian (sidewalks typically lowered),0,Default: no crossing indicators found,0,OSM:highway=pedestrian (walk_lane),,,,building_passage,,,,,
385,"(0.23651574605588227, 0.6952487443502539)","(0.2373559099224649, 0.6946589812335632)",69992915,footway,,False,False,1.0241450718686242,,1.0241450718686242,OSM:length,1.2,Inferred:highway=footway (typical sidewalk width),-0.04,Inferred:highway=footway (sidewalks typically lowered),0,Default: no crossing indicators found,0,OSM:highway=footway (walk_lane),,,,,,,,,
389,"(0.21386761510880642, 0.7157564212523788)","(0.23651574605588227, 0.6952487443502539)",23270157,residential,Raamgracht,False,False,30.750871386506347,"LINESTRING (629364.8295411771 5803835.931735485, 629363.9511981696 5803837.989801204, 629362.5234125747 5803839.699557596, 629342.191982773 5803856.4489156045)",30.750871386506347,OSM:length,1.0,Default:highway=residential (fallback width),-0.04,Default:highway=residential (pedestrian paths default lowered),0,Default: no crossing indicators found,0,Default:highway=residential (walk_lane fallback),30,,,,,,,,
674,"(0.2373559099224649, 0.6946589812335632)","(0.2895170740279974, 0.7162852353139764)","[69992915, 632614317, 632614318]","['footway', 'steps']",,False,False,76.88565305890825,"LINESTRING (629365.6693128406 5803835.341699073, 629379.7468769364 5803825.350399709, 629388.4821520236 5803822.419280424, 629408.0757814038 5803839.972899452, 629410.6210576658 5803842.399170914, 629406.890721746 5803845.4061476365, 629407.215600753 5803846.004529583, 629408.8225348989 5803848.1056515565, 629417.806127204 5803856.9779747175)",76.88565305890825,OSM:length,1.0,"Default:highway=['footway', 'steps'] (fallback width)",-0.04,"Default:highway=['footway', 'steps'] (pedestrian paths default lowered)",0,Default: no crossing indicators found,0,"Default:highway=['footway', 'steps'] (walk_lane fallback)",,,,,,,,,
687,"(0.2373559099224649, 0.6946589812335632)","(0.25678844828650355, 0.712199908653972)","[273731851, 273736148]",footway,Pentagon,False,False,26.90147171703717,"LINESTRING (629365.6693128406 5803835.341699073, 629377.224801121 5803849.779301935, 629385.0927797564 5803852.890754925)",26.90147171703717,OSM:length,1.2,Inferred:highway=footway (typical sidewalk width),-0.04,Inferred:highway=footway (sidewalks typically lowered),0,Default: no crossing indicators found,0,OSM:highway=footway (walk_lane),,,,yes,,,,,
419,"(0.15865275553184147, 0.7312159813185825)","(0.21386761510880642, 0.7157564212523788)",23270157,residential,Raamgracht,False,False,57.18377321059775,"LINESTRING (629342.191982773 5803856.4489156045, 629339.7795896956 5803857.520711449, 629334.456141274 5803858.9389444515, 629287.0028984565 5803871.915639601)",57.18377321059775,OSM:length,1.0,Default:highway=residential (fallback width),-0.04,Default:highway=residential (pedestrian paths default lowered),0,Default: no crossing indicators found,0,Default:highway=residential (walk_lane fallback),30,,,,,,,,
688,"(0.21386761510880642, 0.7157564212523788)","(0.25678844828650355, 0.712199908653972)","[26312226, 844810548, 844810549, 69993302]","['footway', 'steps']","['Pentagon', 'Moddermolenstraat']",False,False,75.89563509649318,"LINESTRING (629342.191982773 5803856.4489156045, 629360.7590446188 5803884.036094822, 629380.5546042515 5803871.345988373, 629380.4903697516 5803866.013455363, 629385.0927797564 5803852.890754925)",75.89563509649318,OSM:length,1.0,"Default:highway=['footway', 'steps'] (fallback width)",-0.04,"Default:highway=['footway', 'steps'] (pedestrian paths default lowered)",0,Default: no crossing indicators found,0,"Default:highway=['footway', 'steps'] (walk_lane fallback)",,,,,,,,,
400,"(0.8393055942881225, 0.7192516984433193)","(0.8454424534789633, 0.7245528412300214)",896170409,residential,Rapenburgerstraat,False,True,8.092526585860078,,8.092526585860078,OSM:length,1.0,Default:highway=residential (fallback width),-0.04,Default:highway=residential (pedestrian paths default lowered),0,Default: no crossing indicators found,0,Default:highway=residential (walk_lane fallback),30,,,,,,,,
404,"(0.8263397050055824, 0.7541951393869657)","(0.8454424534789633, 0.7245528412300214)","[860006704, 7370616]",tertiary,Anne Frankstraat,False,False,35.26128656005721,"LINESTRING (629973.4719909816 5803865.249411826, 629964.9644471813 5803877.088852113, 629954.3781600047 5803894.905446166)",35.26128656005721,OSM:length,1.0,Default:highway=tertiary (fallback width),0.04,Inferred:highway=tertiary (main roads typically raised),0,Default: no crossing indicators found,0,Default:highway=tertiary (walk_lane fallback),30,,"['3', '2']",,,,,,
882,"(0.14796242234155976, 0.6136335135428723)","(0.15556088139370047, 0.6048446891859512)",218865889,footway,Verversstraat,False,True,14.277537620485695,"LINESTRING (629276.3175557004 5803754.278684339, 629285.6359829151 5803748.079606731, 629283.9124676592 5803745.485787258)",14.277537620485695,OSM:length,1.2,Inferred:highway=footway (typical sidewalk width),-0.04,Inferred:highway=footway (sidewalks typically lowered),0,Default: no crossing indicators found,0,OSM:highway=footway (walk_lane),,,,,,,,,
800,"(0.7793272858987205, 0.6773123854222832)","(0.8393055942881225, 0.7192516984433193)",113951854,residential,Rapenburgerstraat,False,True,73.00945647104523,,73.00945647104523,OSM:length,1.0,Default:highway=residential (fallback width),-0.04,Default:highway=residential (pedestrian paths default lowered),0,Default: no crossing indicators found,0,Default:highway=residential (walk_lane fallback),30,,,,,,,,
1060,"(0.8183157416947351, 0.7501568922534511)","(0.8393055942881225, 0.7192516984433193)",860006708,tertiary,Anne Frankstraat,False,True,37.31884074392951,,37.31884074392951,OSM:length,1.0,Default:highway=tertiary (fallback width),0.04,Inferred:highway=tertiary (main roads typically raised),0,Default: no crossing indicators found,0,Default:highway=tertiary (walk_lane fallback),30,,,,,,,,
486,"(0.8206610274016441, 0.7627666203804497)","(0.8263397050055824, 0.7541951393869657)",7370616,tertiary,Anne Frankstraat,False,False,10.27118869247207,,10.27118869247207,OSM:length,1.0,Default:highway=tertiary (fallback width),0.04,Inferred:highway=tertiary (main roads typically raised),0,Default: no crossing indicators found,0,Default:highway=tertiary (walk_lane fallback),30,,3,,,,,,
1059,"(0.8183157416947351, 0.7501568922534511)","(0.8263397050055824, 0.7541951393869657)",826310921,service,,False,False,8.957263219213335,,8.957263219213335,OSM:length,1.0,Default:highway=service (fallback width),-0.04,Default:highway=service (pedestrian paths default lowered),0,Default: no crossing indicators found,0,Default:highway=service (walk_lane fallback),,,,,,,,,
429,"(0.047115587257529436, 0.7371346396104747)","(0.08558353766435398, 0.7305454612668035)","[7371059, 38316252, 38316251]",residential,Oost-Indische Huisbrug,False,False,38.929199451629025,"LINESTRING (629213.9677905757 5803871.244808831, 629210.8119792759 5803871.5737646725, 629180.6314038973 5803877.403622328, 629175.5177976798 5803877.837040587)",38.929199451629025,OSM:length,1.0,Default:highway=residential (fallback width),-0.04,Default:highway=residential (pedestrian paths default lowered),0,Default: no crossing indicators found,0,Default:highway=residential (walk_lane fallback),30,yes,,,,,,,
426,"(0.08558353766435398, 0.7305454612668035)","(0.09523911040666493, 0.7492866320262284)","[7371096, 38316249, 38316250]",residential,"['Kloveniersburgwal', 'Zandbrug']",False,False,21.065007902585446,"LINESTRING (629213.9677905757 5803871.244808831, 629216.0827977689 5803875.273403756, 629222.6852992096 5803888.189506128, 629223.6188559281 5803889.994664213)",21.065007902585446,OSM:length,1.0,Default:highway=residential (fallback width),-0.04,Default:highway=residential (pedestrian paths default lowered),0,Default: no crossing indicators found,0,Default:highway=residential (walk_lane fallback),30,yes,,,,,,,
412,"(0.43329700521493825, 0.7194846962373198)","(0.5116416414378981, 0.8543653812484574)","[7370611, 7370757]",residential,"['Oudeschans', 'Houtkopersburgwal']",False,True,213.18856930571243,"LINESTRING (629561.5189394087 5803860.178918265, 629550.1443100397 5803867.625485291, 629521.8352023613 5803900.435001511, 629518.7202511119 5803905.683909199, 629524.6382722812 5803910.9256056, 629620.037546704 5803980.144305907, 629639.8270029876 5803995.122106723)",213.18856930571243,OSM:length,1.0,Default:highway=residential (fallback width),-0.04,Default:highway=residential (pedestrian paths default lowered),0,Default: no crossing indicators found,0,Default:highway=residential (walk_lane fallback),30,,,,,,,,
416,"(0.43329700521493825, 0.7194846962373198)","(0.5295061953794962, 0.789648822907014)","[7370737, 890094114, 890094115, 890094116]",residential,Nieuwe Uilenburgerstraat,False,False,118.79573336653127,"LINESTRING (629561.5189394087 5803860.178918265, 629570.709080187 5803866.8867874015, 629583.722187944 5803876.388541114, 629587.9063343883 5803879.436757817, 629618.8450102475 5803902.019756895, 629625.1409994758 5803906.614909779, 629657.6832174435 5803930.375558854)",118.79573336653127,OSM:length,1.0,Default:highway=residential (fallback width),-0.04,Default:highway=residential (pedestrian paths default lowered),0,Default: no crossing indicators found,0,Default:highway=residential (walk_lane fallback),30,,,,,,,,
554,"(0.47625279437651197, 0.9011007882541349)","(0.5116416414378981, 0.8543653812484574)","[7370744, 7370722, 38316277]",residential,"['Keizersbrug', 'Korte Koningsstraat']",False,True,58.552676279165354,"LINESTRING (629639.8270029876 5803995.122106723, 629635.193961729 5804001.365980642, 629621.1546631196 5804020.249743381, 629608.9146820843 5804036.2539472105, 629604.4546760579 5804041.879170825)",58.552676279165354,OSM:length,1.0,Default:highway=residential (fallback width),-0.04,Default:highway=residential (pedestrian paths default lowered),0,Default: no crossing indicators found,0,Default:highway=residential (walk_lane fallback),30,yes,,,,,,,
489,"(0.5116416414378981, 0.8543653812484574)","(0.7008536543272353, 0.9149110599660744)","[542146417, 890157218, 7370692]",residential,"['Oudeschans', 'Oostersekade']",False,True,237.12911385389887,"LINESTRING (629639.8270029876 5803995.122106723, 629780.5034318914 5804096.052662473, 629784.3597614163 5804096.020771438, 629817.6584406062 5804070.8676007055, 629828.9506884058 5804055.69584219)",237.12911385389887,OSM:length,1.0,Default:highway=residential (fallback width),-0.04,Default:highway=residential (pedestrian paths default lowered),0,Default: no crossing indicators found,0,Default:highway=residential (walk_lane fallback),30,,,,,,,,
491,"(0.5295061953794962, 0.789648822907014)","(0.7008536543272353, 0.9149110599660744)",600623279,residential,Nieuwe Uilenburgerstraat,False,False,211.75141695472573,"LINESTRING (629657.6832174435 5803930.375558854, 629686.6482618747 5803951.571539779, 629760.4300580177 5804005.5554791335, 629822.3614286663 5804050.870095406, 629828.9506884058 5804055.69584219)",211.75141695472573,OSM:length,1.0,Default:highway=residential (fallback width),-0.04,Default:highway=residential (pedestrian paths default lowered),0,Default: no crossing indicators found,0,Default:highway=residential (walk_lane fallback),30,,,,,,,,
492,"(0.5295061953794962, 0.789648822907014)","(0.5632644098673962, 0.7417361922068625)","[863585963, 7370683]","['pedestrian', 'steps']",Uilenburgerwerf,False,True,58.54468678711242,"LINESTRING (629657.6832174435 5803930.375558854, 629687.9244873981 5803887.345486017, 629691.4256730075 5803882.440725534)",58.54468678711242,OSM:length,1.0,"Default:highway=['pedestrian', 'steps'] (fallback width)",-0.04,"Default:highway=['pedestrian', 'steps'] (pedestrian paths default lowered)",0,Default: no crossing indicators found,0,"Default:highway=['pedestrian', 'steps'] (walk_lane fallback)",,,,,,,,,
422,"(0.15865275553184147, 0.7312159813185825)","(0.17778043093778487, 0.766580289638328)",7371103,residential,Zanddwarsstraat,False,True,40.170239439977706,"LINESTRING (629287.0028984565 5803871.915639601, 629301.7259989977 5803899.067775465, 629306.1216447296 5803907.296335672)",40.170239439977706,OSM:length,1.0,Default:highway=residential (fallback width),-0.04,Default:highway=residential (pedestrian paths default lowered),0,Default: no crossing indicators found,0,Default:highway=residential (walk_lane fallback),30,,,,,,,,
425,"(0.09523911040666493, 0.7492866320262284)","(0.15865275553184147, 0.7312159813185825)",23270157,residential,Raamgracht,False,False,65.75881775367027,"LINESTRING (629287.0028984565 5803871.915639601, 629228.1977098137 5803888.133864819, 629223.6188559281 5803889.994664213)",65.75881775367027,OSM:length,1.0,Default:highway=residential (fallback width),-0.04,Default:highway=residential (pedestrian paths default lowered),0,Default: no crossing indicators found,0,Default:highway=residential (walk_lane fallback),30,,,,,,,,
440,"(0.1166860728665097, 0.7874368730068693)","(0.17778043093778487, 0.766580289638328)",7371124,residential,Zandstraat,False,True,64.35699791882436,,64.35699791882436,OSM:length,1.0,Default:highway=residential (fallback width),-0.04,Default:highway=residential (pedestrian paths default lowered),0,Default: no crossing indicators found,0,Default:highway=residential (walk_lane fallback),30,,,,,,,,
443,"(0.17778043093778487, 0.766580289638328)","(0.19714463439356428, 0.8017506617291577)",7371290,pedestrian,Zanddwarsstraat,False,False,40.11232648431089,,40.11232648431089,OSM:length,1.2,Inferred:highway=pedestrian (typical sidewalk width),-0.04,Inferred:highway=pedestrian (sidewalks typically lowered),0,Default: no crossing indicators found,0,OSM:highway=pedestrian (walk_lane),,,,,,,,,
446,"(0.17778043093778487, 0.766580289638328)","(0.20915223847546682, 0.7559013791436353)",26312206,residential,Zandstraat,False,False,33.04474260623837,"LINESTRING (629306.1216447296 5803907.296335672, 629319.3656668523 5803903.092379113, 629332.8815386001 5803898.394788416, 629337.4788073598 5803896.612476591)",33.04474260623837,OSM:length,1.0,Default:highway=residential (fallback width),-0.04,Default:highway=residential (pedestrian paths default lowered),0,Default: no crossing indicators found,0,Default:highway=residential (walk_lane fallback),30,,,,,,,,
442,"(0.09523911040666493, 0.7492866320262284)","(0.1166860728665097, 0.7874368730068693)",7371125,residential,Kloveniersburgwal,False,False,43.724514879410364,,43.724514879410364,OSM:length,1.0,Default:highway=residential (fallback width),-0.04,Default:highway=residential (pedestrian paths default lowered),0,Default: no crossing indicators found,0,Default:highway=residential (walk_lane fallback),30,,,,,,,,
732,"(0.03424142400475731, 0.7137817714851978)","(0.047115587257529436, 0.7371346396104747)",610234796,residential,Kloveniersburgwal,False,False,26.642205281029707,,26.642205281029707,OSM:length,3.5,OSM:width=3.5,-0.04,Default:highway=residential (pedestrian paths default lowered),0,Default: no crossing indicators found,0,Default:highway=residential (walk_lane fallback),30,,,,,3.5,,,
574,"(0.047115587257529436, 0.7371346396104747)","(0.06420539578509436, 0.7655259676031616)",7371058,residential,Kloveniersburgwal,False,True,33.12568474593895,"LINESTRING (629175.5177976798 5803877.837040587, 629179.654126474 5803883.754952079, 629183.9410734652 5803891.201505456, 629192.5996283863 5803906.241525066)",33.12568474593895,OSM:length,3.5,OSM:width=3.5,-0.04,Default:highway=residential (pedestrian paths default lowered),0,Default: no crossing indicators found,0,Default:highway=residential (walk_lane fallback),30,,,,,3.5,,,
433,"(0.246724999107996, 0.7584783483264818)","(0.272524332085215, 0.7596340487169958)",114120361,footway,,False,True,25.735188297417384,,25.735188297417384,OSM:length,1.2,Inferred:highway=footway (typical sidewalk width),-0.04,Inferred:highway=footway (sidewalks typically lowered),0,Default: no crossing indicators found,0,OSM:highway=footway (walk_lane),,,,,,,,,
435,"(0.2653672918057559, 0.8083804262906205)","(0.272524332085215, 0.7596340487169958)",7370667,unclassified,Sint Antoniesbreestraat,False,False,49.272497174605675,"LINESTRING (629400.8213177698 5803900.346875876, 629399.0855652706 5803909.627455083, 629393.6676185217 5803949.115842426)",49.272497174605675,OSM:length,1.0,Default:highway=unclassified (fallback width),-0.04,Default:highway=unclassified (pedestrian paths default lowered),0,Default: no crossing indicators found,0,Default:highway=unclassified (walk_lane fallback),30,,,,,,,,
437,"(0.272524332085215, 0.7596340487169958)","(0.28426219773386063, 0.7240674997977712)",7370667,unclassified,Sint Antoniesbreestraat,False,True,37.5775570857089,"LINESTRING (629400.8213177698 5803900.346875876, 629401.2525969077 5803898.7111018635, 629404.9387134849 5803884.685135781, 629408.9318100414 5803871.679990027, 629412.5537039778 5803864.7638454875)",37.5775570857089,OSM:length,1.0,Default:highway=unclassified (fallback width),-0.04,Default:highway=unclassified (pedestrian paths default lowered),0,Default: no crossing indicators found,0,Default:highway=unclassified (walk_lane fallback),30,,,,,,,,
519,"(0.26259659824455023, 0.8323576804613431)","(0.2653672918057559, 0.8083804262906205)",7371267,unclassified,Sint Antoniesbreestraat,False,False,24.134707643516407,,24.134707643516407,OSM:length,1.0,Default:highway=unclassified (fallback width),-0.04,Default:highway=unclassified (pedestrian paths default lowered),0,Default: no crossing indicators found,0,Default:highway=unclassified (walk_lane fallback),30,,,,,,,,
513,"(0.2653672918057559, 0.8083804262906205)","(0.29872601678534977, 0.8089560895706392)",37416702,residential,Snoekjessteeg,False,True,33.88749932597968,"LINESTRING (629393.6676185217 5803949.115842426, 629398.0715464916 5803947.172699124, 629400.4959403779 5803946.679962395, 629403.3487776184 5803946.732685315, 629427.0107710661 5803949.691772467)",33.88749932597968,OSM:length,1.0,Default:highway=residential (fallback width),-0.04,Default:highway=residential (pedestrian paths default lowered),0,Default: no crossing indicators found,0,Default:highway=residential (walk_lane fallback),30,,,,,,,,
671,"(0.28426219773386063, 0.7240674997977712)","(0.2895170740279974, 0.7162852353139764)",7370667,unclassified,Sint Antoniesbreestraat,False,True,9.42144193543227,"LINESTRING (629412.5537039778 5803864.7638454875, 629414.2270245983 5803861.747321242, 629416.2569633105 5803858.640009206, 629417.806127204 5803856.9779747175)",9.42144193543227,OSM:length,1.0,Default:highway=unclassified (fallback width),-0.04,Default:highway=unclassified (pedestrian paths default lowered),0,Default: no crossing indicators found,0,Default:highway=unclassified (walk_lane fallback),30,,,,,,,,
686,"(0.25678844828650355, 0.712199908653972)","(0.28426219773386063, 0.7240674997977712)","[273736148, 273736147, 451932892]",footway,Pentagon,False,True,29.86547337545153,"LINESTRING (629412.5537039778 5803864.7638454875, 629404.2035583146 5803860.560150245, 629395.6283395078 5803856.884752101, 629385.0927797564 5803852.890754925)",29.86547337545153,OSM:length,1.2,Inferred:highway=footway (typical sidewalk width),-0.04,Inferred:highway=footway (sidewalks typically lowered),0,Default: no crossing indicators found,0,OSM:highway=footway (walk_lane),,,,building_passage,,,,,
493,"(0.1166860728665097, 0.7874368730068693)","(0.13685856959521778, 0.8247973643229178)",7371125,residential,Kloveniersburgwal,False,False,42.42108479323435,,42.42108479323435,OSM:length,1.0,Default:highway=residential (fallback width),-0.04,Default:highway=residential (pedestrian paths default lowered),0,Default: no crossing indicators found,0,Default:highway=residential (walk_lane fallback),30,,,,,,,,
500,"(0.19714463439356428, 0.8017506617291577)","(0.21176327105626613, 0.8284424764947002)",7371290,pedestrian,Zanddwarsstraat,False,False,30.416053347733428,"LINESTRING (629325.4768086371 5803942.483005645, 629338.2703562155 5803965.277621243, 629340.088621065 5803969.187189345)",30.416053347733428,OSM:length,1.2,Inferred:highway=pedestrian (typical sidewalk width),-0.04,Inferred:highway=pedestrian (sidewalks typically lowered),0,Default: no crossing indicators found,0,OSM:highway=pedestrian (walk_lane),,,,,,,,,
495,"(0.13685856959521778, 0.8247973643229178)","(0.19714463439356428, 0.8017506617291577)",7371291,pedestrian,Onkelboerensteeg,False,False,64.35071898715881,"LINESTRING (629325.4768086371 5803942.483005645, 629298.4795362903 5803953.17013537, 629265.2188864264 5803965.540388036)",64.35071898715881,OSM:length,1.2,Inferred:highway=pedestrian (typical sidewalk width),-0.04,Inferred:highway=pedestrian (sidewalks typically lowered),0,Default: no crossing indicators found,0,OSM:highway=pedestrian (walk_lane),,,,,,,,,
496,"(0.9942116558221952, 0.8148345374073512)","(1.0, 0.8217062950417582)",7370721,residential,Schippersgracht,False,False,8.970869566457113,,8.970869566457113,OSM:length,1.0,Default:highway=residential (fallback width),-0.04,Default:highway=residential (pedestrian paths default lowered),0,Default: no crossing indicators found,0,Default:highway=residential (walk_lane fallback),30,,,,,,,,
497,"(0.927904140189379, 0.8723974456528673)","(0.9942116558221952, 0.8148345374073512)","[7370724, 7370725]",residential,"['Foeliedwarsstraat', 'Nieuwe Foeliestraat']",False,True,87.69630730796364,"LINESTRING (630122.1717452637 5803955.572944365, 630109.9960395828 5803965.723725354, 630059.8563737175 5804008.6485594055, 630055.8951831369 5804013.1625271505)",87.69630730796364,OSM:length,1.0,Default:highway=residential (fallback width),-0.04,Default:highway=residential (pedestrian paths default lowered),0,Default: no crossing indicators found,0,Default:highway=residential (walk_lane fallback),30,,,,,,,,
1064,"(0.9097213077162262, 0.805373700149842)","(0.9172582654500028, 0.8136486280409001)",870843644,service,,False,True,11.174075912438203,,11.174075912438203,OSM:length,1.0,Default:highway=service (fallback width),-0.04,Default:highway=service (pedestrian paths default lowered),0,Default: no crossing indicators found,0,Default:highway=service (walk_lane fallback),,,,,,,,,
533,"(0.8937049355147847, 0.8345298635308877)","(0.9172582654500028, 0.8136486280409001)","[7370704, 7370705]",residential,Rapenburg,False,True,31.422873305956077,"LINESTRING (630045.2542780777 5803954.386485451, 630025.568048663 5803972.162903259, 630021.7119432482 5803975.277397265)",31.422873305956077,OSM:length,1.0,Default:highway=residential (fallback width),-0.04,Default:highway=residential (pedestrian paths default lowered),0,Default: no crossing indicators found,0,Default:highway=residential (walk_lane fallback),30,,,,,,,,
459,"(0.7830081696736724, 0.7771583955966967)","(0.7872313627281816, 0.7697610212550432)",887769136,footway,,False,False,8.51082485459778,,8.51082485459778,OSM:length,1.2,Inferred:highway=footway (typical sidewalk width),-0.04,Inferred:highway=footway (sidewalks typically lowered),0,Default: no crossing indicators found,0,OSM:highway=footway (walk_lane),,,,,,,,,
463,"(0.5754744829293711, 0.6397502212042386)","(0.7830081696736724, 0.7771583955966967)","[113964929, 744277571, 890101707, 113964916, 307986040]",residential,Valkenburgerstraat,False,False,252.3387753646063,"LINESTRING (629911.0668525901 5803917.879343504, 629899.4066489317 5803915.735377587, 629748.6471080688 5803816.0160276415, 629728.2231670424 5803804.159512245, 629706.3429950498 5803791.463425136, 629704.1645689562 5803783.64902641, 629703.6300461942 5803780.407494431)",252.3387753646063,OSM:length,1.0,Default:highway=residential (fallback width),-0.04,Default:highway=residential (pedestrian paths default lowered),0,Default: no crossing indicators found,0,Default:highway=residential (walk_lane fallback),30,,,,,,,,
466,"(0.7830081696736724, 0.7771583955966967)","(0.8312494177073091, 0.8221922204937377)","[321177433, 418303524]",secondary,Valkenburgerstraat,False,True,65.9922597082524,"LINESTRING (629911.0668525901 5803917.879343504, 629914.252965802 5803921.825233796, 629919.5716364199 5803927.563549452, 629929.0118173729 5803935.358240091, 629942.9556668245 5803946.9889546465, 629959.2855807669 5803962.934036988)",65.9922597082524,OSM:length,1.0,Default:highway=secondary (fallback width),0.04,Inferred:highway=secondary (main roads typically raised),0,Default: no crossing indicators found,0,Default:highway=secondary (walk_lane fallback),30,,1,,,,,,
469,"(0.7675791163943461, 0.761389430680981)","(0.7830081696736724, 0.7771583955966967)",322647132,primary,Valkenburgerstraat,False,False,22.10418290139221,"LINESTRING (629911.0668525901 5803917.879343504, 629908.6599349147 5803916.157589416, 629906.6933804553 5803914.269389031, 629902.2747744825 5803910.04614394, 629895.6450018622 5803902.103071281)",22.10418290139221,OSM:length,1.0,Default:highway=primary (fallback width),0.04,Inferred:highway=primary (main roads typically raised),0,Default: no crossing indicators found,0,Default:highway=primary (walk_lane fallback),30,,,,,,,,
470,"(0.7791981999891863, 0.783876977493983)","(0.7830081696736724, 0.7771583955966967)",887769136,footway,,False,True,7.7172304260869335,"LINESTRING (629911.0668525901 5803917.879343504, 629908.7660215735 5803921.94755372, 629907.258661466 5803924.601038779)",7.7172304260869335,OSM:length,1.2,Inferred:highway=footway (typical sidewalk width),-0.04,Inferred:highway=footway (sidewalks typically lowered),0,Default: no crossing indicators found,0,OSM:highway=footway (walk_lane),,,,,,,,,
473,"(0.7830081696736724, 0.7771583955966967)","(0.7989103331640236, 0.7837848259348752)",1230289003,primary,Valkenburgerstraat,False,True,17.187700645266496,"LINESTRING (629911.0668525901 5803917.879343504, 629913.4526440301 5803919.11085817, 629915.693017205 5803919.915628625, 629926.9615926729 5803924.508844517)",17.187700645266496,OSM:length,1.0,Default:highway=primary (fallback width),0.04,Inferred:highway=primary (main roads typically raised),0,Default: no crossing indicators found,0,Default:highway=primary (walk_lane fallback),30,,,,,,,,
863,"(0.7872313627281816, 0.7697610212550432)","(0.7996056977471101, 0.7762944519773352)",139709975,primary,Valkenburgerstraat,False,False,13.954662817123612,"LINESTRING (629915.2880741843 5803910.478541234, 629920.8893917762 5803913.508799738, 629927.6566326476 5803917.014999535)",13.954662817123612,OSM:length,1.0,Default:highway=primary (fallback width),0.04,Inferred:highway=primary (main roads typically raised),0,Default: no crossing indicators found,0,Default:highway=primary (walk_lane fallback),30,,,,,,,,
467,"(0.7675791163943461, 0.761389430680981)","(0.7872313627281816, 0.7697610212550432)",139709975,primary,Valkenburgerstraat,False,True,21.412938235313128,"LINESTRING (629915.2880741843 5803910.478541234, 629912.3537023207 5803908.60931762, 629905.105464872 5803905.00141548, 629895.6450018622 5803902.103071281)",21.412938235313128,OSM:length,1.0,Default:highway=primary (fallback width),0.04,Inferred:highway=primary (main roads typically raised),0,Default: no crossing indicators found,0,Default:highway=primary (walk_lane fallback),30,,,,,,,,
867,"(0.7872313627281816, 0.7697610212550432)","(0.7904473055744833, 0.7641169373724339)",887769136,footway,,False,False,6.490533205251941,"LINESTRING (629915.2880741843 5803910.478541234, 629916.8380473937 5803907.7594077885, 629918.5025157724 5803904.8318418935)",6.490533205251941,OSM:length,1.2,Inferred:highway=footway (typical sidewalk width),-0.04,Inferred:highway=footway (sidewalks typically lowered),0,Default: no crossing indicators found,0,OSM:highway=footway (walk_lane),,,,,,,,,
501,"(0.8312494177073091, 0.8221922204937377)","(0.8461020135936724, 0.8373232536142585)",321173646,secondary,Foeliestraat,False,True,21.164243138056538,,21.164243138056538,OSM:length,1.0,Default:highway=secondary (fallback width),0.04,Inferred:highway=secondary (main roads typically raised),0,Default: no crossing indicators found,0,Default:highway=secondary (walk_lane fallback),30,,1,,,,,,
505,"(0.7946239020073336, 0.8513725471936378)","(0.8312494177073091, 0.8221922204937377)","[7370666, 813106736, 1442149107, 1442149109, 850597212]","['footway', 'residential', 'pedestrian', 'steps']",Nieuwegrachtje,False,False,52.90414617681202,"LINESTRING (629959.2855807669 5803962.934036988, 629934.3172597022 5803983.153346062, 629936.158659153 5803985.394389584, 629935.5384323254 5803985.923349917, 629933.9251613767 5803987.427727491, 629932.8995488521 5803988.346639487, 629930.7526470735 5803985.808176402, 629922.6771624971 5803992.127885794)",52.90414617681202,OSM:length,1.0,"Default:highway=['footway', 'residential', 'pedestrian', 'steps'] (fallback width)",-0.04,"Default:highway=['footway', 'residential', 'pedestrian', 'steps'] (pedestrian paths default lowered)",0,Default: no crossing indicators found,0,"Default:highway=['footway', 'residential', 'pedestrian', 'steps'] (walk_lane fallback)",30,,,,,,,,
744,"(0.5205624138118826, 0.5888147396418556)","(0.7675791163943461, 0.761389430680981)","[139709040, 139709978, 901111075, 901111074]",primary,Valkenburgerstraat,False,"[False, True]",300.8882653515619,"LINESTRING (629895.6450018622 5803902.103071281, 629872.8662742289 5803887.089893511, 629729.3232218343 5803792.658703072, 629717.2082404052 5803782.42344387, 629704.4667770161 5803771.65977279, 629683.6207357773 5803756.420206711, 629658.078677956 5803737.384455803, 629648.7436109893 5803729.448409466)",300.8882653515619,OSM:length,1.0,Default:highway=primary (fallback width),0.04,Inferred:highway=primary (main roads typically raised),0,Default: no crossing indicators found,0,Default:highway=primary (walk_lane fallback),30,,"['3', '2', '1']",,,,,,
862,"(0.7989103331640236, 0.7837848259348752)","(0.7996056977471101, 0.7762944519773352)",860006703,tertiary,Anne Frankstraat,False,False,7.522012924345149,,7.522012924345149,OSM:length,1.0,Default:highway=tertiary (fallback width),0.04,Inferred:highway=tertiary (main roads typically raised),0,Default: no crossing indicators found,0,Default:highway=tertiary (walk_lane fallback),30,,,,,,,,
484,"(0.7989103331640236, 0.7837848259348752)","(0.8054619560705722, 0.7795747027083278)",860006707,tertiary,Anne Frankstraat,False,True,7.768858369166698,,7.768858369166698,OSM:length,1.0,Default:highway=tertiary (fallback width),0.04,Inferred:highway=tertiary (main roads typically raised),0,Default: no crossing indicators found,0,Default:highway=tertiary (walk_lane fallback),30,,,,,,,,
478,"(0.8200703687523436, 0.7874463531004668)","(0.8509514465118625, 0.8072605789624869)",186356151,primary,IJ-tunnel,False,False,36.59774901557903,,36.59774901557903,OSM:length,1.0,Default:highway=primary (fallback width),0.04,Inferred:highway=primary (main roads typically raised),0,Default: no crossing indicators found,0,Default:highway=primary (walk_lane fallback),30,,,,,,,,
482,"(0.8054619560705722, 0.7795747027083278)","(0.8200703687523436, 0.7874463531004668)",860006702,primary,Valkenburgerstraat,False,True,16.54825497999402,,16.54825497999402,OSM:length,1.0,Default:highway=primary (fallback width),0.04,Inferred:highway=primary (main roads typically raised),0,Default: no crossing indicators found,0,Default:highway=primary (walk_lane fallback),30,,,,,,,,
487,"(0.8200703687523436, 0.7874463531004668)","(0.8206610274016441, 0.7627666203804497)","[884331832, 860006706]",tertiary,Anne Frankstraat,False,True,25.563977281939714,"LINESTRING (629948.1117503871 5803928.172068427, 629946.1875531072 5803923.6473567085, 629945.7155376379 5803919.850981798, 629946.0602335716 5803915.3082500445, 629947.1649914366 5803912.165595632, 629948.5047228859 5803908.89559323, 629948.7021333067 5803903.480899167)",25.563977281939714,OSM:length,1.0,Default:highway=tertiary (fallback width),0.04,Inferred:highway=tertiary (main roads typically raised),0,Default: no crossing indicators found,0,Default:highway=tertiary (walk_lane fallback),30,,,,,,,,
532,"(0.8509514465118625, 0.8072605789624869)","(0.8937049355147847, 0.8345298635308877)",139343698,primary_link,Nieuwe Foeliestraat,False,False,50.580121282224,,50.580121282224,OSM:length,1.0,Default:highway=primary_link (fallback width),-0.04,Default:highway=primary_link (pedestrian paths default lowered),0,Default: no crossing indicators found,0,Default:highway=primary_link (walk_lane fallback),50,,1,,,,,,
535,"(0.8409067204049349, 0.8172853671106985)","(0.8509514465118625, 0.8072605789624869)",1383522544,service,,False,False,14.16703752460137,,14.16703752460137,OSM:length,1.0,Default:highway=service (fallback width),-0.04,Default:highway=service (pedestrian paths default lowered),0,Default: no crossing indicators found,0,Default:highway=service (walk_lane fallback),,,,,,,emergency_access,,
536,"(0.8509514465118625, 0.8072605789624869)","(0.9855506623926087, 0.9683399546766691)","[7371024, 371925241, 7371011]","['trunk', 'primary']",IJ-tunnel,False,False,210.6761167838202,"LINESTRING (629978.9784123204 5803947.995476163, 630011.2142154644 5803974.777589353, 630026.6576336315 5803993.325984641, 630055.0236356003 5804028.620192874, 630087.9101738587 5804069.409424668, 630102.1296101828 5804090.173837693, 630113.5147949371 5804109.149495746)",210.6761167838202,OSM:length,1.0,"Default:highway=['trunk', 'primary'] (fallback width)",-0.04,"Default:highway=['trunk', 'primary'] (pedestrian paths default lowered)",0,Default: no crossing indicators found,0,"Default:highway=['trunk', 'primary'] (walk_lane fallback)","['50', '30']",,2,yes,,,,,
537,"(0.8509514465118625, 0.8072605789624869)","(0.8665437668600742, 0.7915642840106969)","[1383522544, 800735472]",service,,False,True,22.092093993752464,"LINESTRING (629978.9784123204 5803947.995476163, 629980.5174166458 5803946.4668932995, 629983.267796742 5803943.4344666805, 629994.5634539012 5803932.291907579)",22.092093993752464,OSM:length,1.0,Default:highway=service (fallback width),-0.04,Default:highway=service (pedestrian paths default lowered),0,Default: no crossing indicators found,0,Default:highway=service (walk_lane fallback),,,,,,,emergency_access,,
861,"(0.7996056977471101, 0.7762944519773352)","(0.8054619560705722, 0.7795747027083278)",860006702,primary,Valkenburgerstraat,False,True,6.694074186379912,,6.694074186379912,OSM:length,1.0,Default:highway=primary (fallback width),0.04,Inferred:highway=primary (main roads typically raised),0,Default: no crossing indicators found,0,Default:highway=primary (walk_lane fallback),30,,,,,,,,
488,"(0.8054619560705722, 0.7795747027083278)","(0.8206610274016441, 0.7627666203804497)","[860006707, 1231351942]",tertiary,Anne Frankstraat,False,True,23.194223692935793,"LINESTRING (629933.5101571674 5803920.296770328, 629936.8395720198 5803915.198445612, 629939.1421231548 5803912.098530321, 629941.2665119375 5803909.038430568, 629943.1790510629 5803906.262098709, 629948.7021333067 5803903.480899167)",23.194223692935793,OSM:length,1.0,Default:highway=tertiary (fallback width),0.04,Inferred:highway=tertiary (main roads typically raised),0,Default: no crossing indicators found,0,Default:highway=tertiary (walk_lane fallback),30,,,,,,,,
544,"(0.7008536543272353, 0.9149110599660744)","(0.7485298618699756, 0.9536997804568826)","[7370752, 7370748, 38316284]",residential,Peperstraat,False,False,61.437729905141495,"LINESTRING (629828.9506884058 5804055.69584219, 629845.1060214298 5804068.185905378, 629857.4424087761 5804077.7373564225, 629872.7327434637 5804089.959859319, 629876.6046398624 5804094.502537298)",61.437729905141495,OSM:length,1.0,Default:highway=residential (fallback width),-0.04,Default:highway=residential (pedestrian paths default lowered),0,Default: no crossing indicators found,0,Default:highway=residential (walk_lane fallback),30,yes,,,,,,,
538,"(0.13685856959521778, 0.8247973643229178)","(0.15095264429050678, 0.8520091791063223)",7371125,residential,Kloveniersburgwal,False,False,30.623285306044707,"LINESTRING (629265.2188864264 5803965.540388036, 629272.1816165625 5803978.47715626, 629279.3063817616 5803992.764812721)",30.623285306044707,OSM:length,1.0,Default:highway=residential (fallback width),-0.04,Default:highway=residential (pedestrian paths default lowered),0,Default: no crossing indicators found,0,Default:highway=residential (walk_lane fallback),30,,,,,,,,
568,"(0.927904140189379, 0.8723974456528673)","(0.9709151631275985, 0.9251927640322603)",139343704,secondary,Nieuwe Foeliestraat,False,False,67.99665866742657,"LINESTRING (630055.8951831369 5804013.1625271505, 630096.6848400304 5804063.186361668, 630098.8861277787 5804065.9823107775)",67.99665866742657,OSM:length,1.0,Default:highway=secondary (fallback width),0.04,Inferred:highway=secondary (main roads typically raised),0,Default: no crossing indicators found,0,Default:highway=secondary (walk_lane fallback),30,,2,,,,,,
534,"(0.8937049355147847, 0.8345298635308877)","(0.927904140189379, 0.8723974456528673)","[1081642536, 139343701]",secondary,Nieuwe Foeliestraat,False,True,50.93999112256993,"LINESTRING (630055.8951831369 5804013.1625271505, 630051.017227062 5804007.769570006, 630021.7119432482 5803975.277397265)",50.93999112256993,OSM:length,1.0,Default:highway=secondary (fallback width),0.04,Inferred:highway=secondary (main roads typically raised),0,Default: no crossing indicators found,0,Default:highway=secondary (walk_lane fallback),30,,"['2', '1']",,,,,,
1055,"(0.8399094880563522, 0.8423882174854899)","(0.8461020135936724, 0.8373232536142585)",813106741,footway,,False,True,7.983696702697512,,7.983696702697512,OSM:length,1.2,Inferred:highway=footway (typical sidewalk width),-0.04,Inferred:highway=footway (sidewalks typically lowered),0,Default: no crossing indicators found,0,OSM:highway=footway (walk_lane),,,,,,,,,
541,"(0.8461020135936724, 0.8373232536142585)","(0.8672100791700671, 0.8599611990683103)","[139343677, 321173646]",secondary,Foeliestraat,False,True,30.90082715793548,"LINESTRING (629974.1312432021 5803978.0720818, 629982.318977301 5803987.113673795, 629984.1215121131 5803989.019834983, 629995.229455165 5804000.7205176335)",30.90082715793548,OSM:length,1.0,Default:highway=secondary (fallback width),0.04,Inferred:highway=secondary (main roads typically raised),0,Default: no crossing indicators found,0,Default:highway=secondary (walk_lane fallback),30,,1,,,,,,
1063,"(0.7868928205440936, 0.8574092964880793)","(0.7946239020073336, 0.8513725471936378)",850597212,pedestrian,Nieuwegrachtje,False,False,9.787938405053035,,9.787938405053035,OSM:length,1.2,Inferred:highway=pedestrian (typical sidewalk width),-0.04,Inferred:highway=pedestrian (sidewalks typically lowered),0,Default: no crossing indicators found,0,OSM:highway=pedestrian (walk_lane),,,,,,,,,
1065,"(0.7946239020073336, 0.8513725471936378)","(0.7997694865189194, 0.8562692883911975)",881096988,path,Coentje Gansplantsoen,False,True,7.1000206991947,"LINESTRING (629922.6771624971 5803992.127885794, 629925.8867509766 5803995.440043501, 629927.82034496 5803997.026896132)",7.1000206991947,OSM:length,1.0,Inferred:highway=path (typical path width),-0.04,Default:highway=path (pedestrian paths default lowered),0,Default: no crossing indicators found,0,Default:highway=path (walk_lane),,,,,,,,,
512,"(0.30240396362689065, 0.8072283572471063)","(0.30565930053992035, 0.7329835311681195)","[1295299160, 7371285, 1295299159]","['residential', 'pedestrian', 'steps']","['Snoekjesgracht', 'Sint Antoniesluis']",False,True,88.32118312488579,"LINESTRING (629430.6870009778 5803947.963239516, 629455.5210742007 5803897.277526664, 629436.8025408105 5803877.287171373, 629433.9408182427 5803873.684008529)",88.32118312488579,OSM:length,1.0,"Default:highway=['residential', 'pedestrian', 'steps'] (fallback width)",-0.04,"Default:highway=['residential', 'pedestrian', 'steps'] (pedestrian paths default lowered)",0,Default: no crossing indicators found,0,"Default:highway=['residential', 'pedestrian', 'steps'] (walk_lane fallback)",30,,,,,,,,
514,"(0.29872601678534977, 0.8089560895706392)","(0.30240396362689065, 0.8072283572471063)",37416702,residential,Snoekjessteeg,False,False,4.192545118877771,"LINESTRING (629430.6870009778 5803947.963239516, 629429.0158298502 5803949.343833841, 629427.0107710661 5803949.691772467)",4.192545118877771,OSM:length,1.0,Default:highway=residential (fallback width),-0.04,Default:highway=residential (pedestrian paths default lowered),0,Default: no crossing indicators found,0,Default:highway=residential (walk_lane fallback),30,,,,,,,,
517,"(0.30240396362689065, 0.8072283572471063)","(0.3183472603525034, 0.8141212726263601)","[38316267, 37416702, 7371294]",residential,"['Snoekjesbrug', 'Snoekjessteeg']",False,True,17.406074578385365,"LINESTRING (629430.6870009778 5803947.963239516, 629436.2670475205 5803949.478817479, 629441.6897648064 5803952.3146308465, 629446.6228550941 5803954.859349059)",17.406074578385365,OSM:length,1.0,Default:highway=residential (fallback width),-0.04,Default:highway=residential (pedestrian paths default lowered),0,Default: no crossing indicators found,0,Default:highway=residential (walk_lane fallback),30,yes,,,,,,,
673,"(0.2895170740279974, 0.7162852353139764)","(0.30565930053992035, 0.7329835311681195)",88542933,pedestrian,Sint Antoniesluis,False,True,23.1838473241105,"LINESTRING (629433.9408182427 5803873.684008529, 629420.2392553183 5803859.5237241965, 629417.806127204 5803856.9779747175)",23.1838473241105,OSM:length,1.2,Inferred:highway=pedestrian (typical sidewalk width),-0.04,Inferred:highway=pedestrian (sidewalks typically lowered),0,Default: no crossing indicators found,0,OSM:highway=pedestrian (walk_lane),,,,,,,,,
828,"(0.29737595351257823, 0.7584734582293302)","(0.30565930053992035, 0.7329835311681195)",114531675,footway,,False,False,30.204897082268445,"LINESTRING (629433.9408182427 5803873.684008529, 629431.8613452498 5803875.565808429, 629428.5926686989 5803878.3734515235, 629422.9985859096 5803884.903868588, 629425.6613380264 5803899.185747573)",30.204897082268445,OSM:length,1.2,Inferred:highway=footway (typical sidewalk width),-0.04,Inferred:highway=footway (sidewalks typically lowered),0,Default: no crossing indicators found,0,OSM:highway=footway (walk_lane),,,,,,,,,
583,"(0.29211672242236786, 0.855525405528066)","(0.29872601678534977, 0.8089560895706392)","[223678904, 223678906, 444134494, 223678903]","['footway', 'steps']",,False,False,51.409488098385886,"LINESTRING (629427.0107710661 5803949.691772467, 629427.3881739927 5803951.660418621, 629422.7990193431 5803954.689320565, 629422.4862602279 5803954.925939584, 629416.4138676855 5803987.4302788, 629416.4176237176 5803991.692829951, 629418.289147598 5803994.869308212, 629420.4045620371 5803996.282668555)",51.409488098385886,OSM:length,1.0,"Default:highway=['footway', 'steps'] (fallback width)",-0.04,"Default:highway=['footway', 'steps'] (pedestrian paths default lowered)",0,Default: no crossing indicators found,0,"Default:highway=['footway', 'steps'] (walk_lane fallback)",,,,building_passage,,,,,
523,"(0.3183472603525034, 0.8141212726263601)","(0.3651753829292234, 0.8164083399960935)","[7371272, 7370610]",residential,"['Oudeschans', 'Snoekjesgracht']",False,False,66.14792541142569,"LINESTRING (629446.6228550941 5803954.859349059, 629455.3411044197 5803938.061022589, 629456.9732457239 5803935.833597268, 629458.9675894241 5803934.339089245, 629461.9647689792 5803934.084025809, 629465.9183325743 5803936.057679259, 629493.4291174856 5803957.147476251)",66.14792541142569,OSM:length,1.0,Default:highway=residential (fallback width),-0.04,Default:highway=residential (pedestrian paths default lowered),0,Default: no crossing indicators found,0,Default:highway=residential (walk_lane fallback),30,,,,,,,,
526,"(0.3183472603525034, 0.8141212726263601)","(0.33539202831445786, 0.8565842561599566)","[885670122, 7370605]",residential,"['Snoekjesgracht', 'Krom Boomssloot']",False,False,55.83542484308617,"LINESTRING (629446.6228550941 5803954.859349059, 629440.3856180509 5803966.681425147, 629438.262275439 5803971.0104741985, 629437.9804556912 5803972.66130392, 629438.0560393617 5803973.932010773, 629438.922223036 5803975.446085457, 629442.5426161101 5803978.690810898, 629445.9167741962 5803981.973581623, 629463.6596662608 5803997.342009856)",55.83542484308617,OSM:length,1.0,Default:highway=residential (fallback width),-0.04,Default:highway=residential (pedestrian paths default lowered),0,Default: no crossing indicators found,0,Default:highway=residential (walk_lane fallback),30,,,,,,,,
854,"(0.2529687701292209, 0.9105288205296251)","(0.26259659824455023, 0.8323576804613431)",7371267,unclassified,Sint Antoniesbreestraat,False,False,78.75645785017042,"LINESTRING (629390.8982183686 5803973.10420761, 629386.6827664222 5804009.608214192, 629386.2045278404 5804013.2905124575, 629381.2748846916 5804051.311572032)",78.75645785017042,OSM:length,1.0,Default:highway=unclassified (fallback width),-0.04,Default:highway=unclassified (pedestrian paths default lowered),0,Default: no crossing indicators found,0,Default:highway=unclassified (walk_lane fallback),30,,,,,,,,
1044,"(0.2386467442038226, 0.789658087314051)","(0.26259659824455023, 0.8323576804613431)","[1393591072, 1393591073, 1393591074, 114120363, 267103181, 267103193]",footway,Zuiderkerkhof,False,True,52.83101468854699,"LINESTRING (629390.8982183686 5803973.10420761, 629382.3430292848 5803969.451608719, 629378.1209530409 5803959.291067236, 629373.3731274655 5803955.916603549, 629372.2481420262 5803952.325725711, 629368.3327509237 5803939.825010289, 629368.2506851155 5803939.578013429, 629366.1472085598 5803933.301568626, 629366.9595445379 5803930.384827554)",52.83101468854699,OSM:length,1.2,Inferred:highway=footway (typical sidewalk width),-0.04,Inferred:highway=footway (sidewalks typically lowered),0,Default: no crossing indicators found,0,OSM:highway=footway (walk_lane),,,,"['yes', 'building_passage']",,,,,
530,"(0.3651753829292234, 0.8164083399960935)","(0.43541919109547683, 0.8699700249346526)",7370610,residential,Oudeschans,False,False,88.13272156513952,,88.13272156513952,OSM:length,1.0,Default:highway=residential (fallback width),-0.04,Default:highway=residential (pedestrian paths default lowered),0,Default: no crossing indicators found,0,Default:highway=residential (walk_lane fallback),30,,,,,,,,
528,"(0.33539202831445786, 0.8565842561599566)","(0.3651753829292234, 0.8164083399960935)",7371271,pedestrian,Korte Dijkstraat,False,False,50.069564802129236,"LINESTRING (629493.4291174856 5803957.147476251, 629465.341883831 5803993.468794293, 629463.6596662608 5803997.342009856)",50.069564802129236,OSM:length,1.2,Inferred:highway=pedestrian (typical sidewalk width),-0.04,Inferred:highway=pedestrian (sidewalks typically lowered),0,Default: no crossing indicators found,0,OSM:highway=pedestrian (walk_lane),,,,,,,,,
556,"(0.33539202831445786, 0.8565842561599566)","(0.381611224589155, 0.9177013183797083)",7370605,residential,Krom Boomssloot,False,False,79.05038574391693,"LINESTRING (629463.6596662608 5803997.342009856, 629499.6518982282 5804030.307090663, 629501.9505060071 5804032.78257345, 629503.5151864439 5804035.450205274, 629504.9622178228 5804040.518634579, 629509.8572866077 5804058.487393604)",79.05038574391693,OSM:length,1.0,Default:highway=residential (fallback width),-0.04,Default:highway=residential (pedestrian paths default lowered),0,Default: no crossing indicators found,0,Default:highway=residential (walk_lane fallback),30,,,,,,,,
562,"(0.3289878323818279, 0.8702319804369419)","(0.33539202831445786, 0.8565842561599566)","[7371232, 38316265, 38316266]",residential,Dijkstraat,False,False,15.185189489306197,"LINESTRING (629463.6596662608 5803997.342009856, 629461.2587617324 5804001.86407499, 629458.2515975971 5804006.9043974355, 629457.2584599187 5804010.996058462)",15.185189489306197,OSM:length,1.0,Default:highway=residential (fallback width),-0.04,Default:highway=residential (pedestrian paths default lowered),0,Default: no crossing indicators found,0,Default:highway=residential (walk_lane fallback),30,yes,,,,,,,
552,"(0.43541919109547683, 0.8699700249346526)","(0.47625279437651197, 0.9011007882541349)",7370610,residential,Oudeschans,False,False,51.22941186191764,,51.22941186191764,OSM:length,1.0,Default:highway=residential (fallback width),-0.04,Default:highway=residential (pedestrian paths default lowered),0,Default: no crossing indicators found,0,Default:highway=residential (walk_lane fallback),30,,,,,,,,
571,"(0.40251070258694815, 0.9009639724262675)","(0.43541919109547683, 0.8699700249346526)",7370746,residential,Korte Keizersstraat,False,True,45.314747969536825,"LINESTRING (629563.6401346158 5804010.73398157, 629560.5156065737 5804015.5708328765, 629530.7470083643 5804041.742291597)",45.314747969536825,OSM:length,1.0,Default:highway=residential (fallback width),-0.04,Default:highway=residential (pedestrian paths default lowered),0,Default: no crossing indicators found,0,Default:highway=residential (walk_lane fallback),30,,,,,,,,
565,"(0.11968077891117408, 0.8643596439540283)","(0.15095264429050678, 0.8520091791063223)","[38316248, 7371265, 38316247]",residential,"['Oude Hoogstraat', 'Nieuwe Hoogstraat']",False,False,33.65190169016419,"LINESTRING (629279.3063817616 5803992.764812721, 629272.4553599929 5803994.254285665, 629255.0890880451 5804002.401124966, 629248.049114635 5804005.12100075)",33.65190169016419,OSM:length,3.0,OSM:width=3.00,-0.04,Default:highway=residential (pedestrian paths default lowered),0,Default: no crossing indicators found,0,Default:highway=residential (walk_lane fallback),30,yes,,,,3.00,,,
545,"(0.7485298618699756, 0.9536997804568826)","(0.8672100791700671, 0.8599611990683103)","[841976633, 7370703]",residential,Rapenburg,False,False,151.038346877884,"LINESTRING (629995.229455165 5804000.7205176335, 629991.4400212513 5804002.601455902, 629985.6502855116 5804006.455093952, 629930.3322952939 5804051.036264121, 629930.0541390446 5804051.251506617, 629876.6046398624 5804094.502537298)",151.038346877884,OSM:length,1.0,Default:highway=residential (fallback width),-0.04,Default:highway=residential (pedestrian paths default lowered),0,Default: no crossing indicators found,0,Default:highway=residential (walk_lane fallback),30,,1,,,,,,
546,"(0.8672100791700671, 0.8599611990683103)","(0.9359962620462344, 0.9424031577717907)","[139343676, 139343677]",secondary,Foeliestraat,False,True,107.53213482855007,"LINESTRING (629995.229455165 5804000.7205176335, 630010.4795568188 5804016.270011479, 630021.5818971333 5804028.694007785, 630057.366243897 5804071.451516643, 630061.2649304257 5804077.553139124, 630063.98352745 5804083.20067978)",107.53213482855007,OSM:length,1.0,Default:highway=secondary (fallback width),0.04,Inferred:highway=secondary (main roads typically raised),0,Default: no crossing indicators found,0,Default:highway=secondary (walk_lane fallback),30,,1,,,,,,
633,"(0.7094054853023333, 0.994984487203923)","(0.7485298618699756, 0.9536997804568826)","[7370697, 7370781]",residential,"[""'s-Gravenhekje"", 'Rapenburg']",False,False,60.112620881042005,"LINESTRING (629876.6046398624 5804094.502537298, 629837.3435326756 5804127.477675103, 629835.9548587699 5804129.767046475, 629836.1287497879 5804131.696977307, 629837.4985272369 5804135.806375298)",60.112620881042005,OSM:length,1.0,Default:highway=residential (fallback width),-0.04,Default:highway=residential (pedestrian paths default lowered),0,Default: no crossing indicators found,0,Default:highway=residential (walk_lane fallback),30,,,,,,,,
644,"(0.9359962620462344, 0.9424031577717907)","(0.943881060213636, 0.9563272019563256)","[139343676, 777429021]",secondary,Foeliestraat,False,True,15.99061861793341,"LINESTRING (630063.98352745 5804083.20067978, 630066.9874285678 5804088.878018137, 630071.864644856 5804097.131176339)",15.99061861793341,OSM:length,1.0,Default:highway=secondary (fallback width),0.04,Inferred:highway=secondary (main roads typically raised),0,Default: no crossing indicators found,0,Default:highway=secondary (walk_lane fallback),30,,,,,,,,
1070,"(0.9303524335634834, 0.9566153155628145)","(0.9359962620462344, 0.9424031577717907)",1081642532,secondary_link,,False,True,15.636235901039374,"LINESTRING (630063.98352745 5804083.20067978, 630063.7122782805 5804087.021952246, 630062.457624416 5804091.195636861, 630058.3423336049 5804097.419423457)",15.636235901039374,OSM:length,1.0,Default:highway=secondary_link (fallback width),-0.04,Default:highway=secondary_link (pedestrian paths default lowered),0,Default: no crossing indicators found,0,Default:highway=secondary_link (walk_lane fallback),30,,1,,,,,,
569,"(0.9359962620462344, 0.9424031577717907)","(0.9709151631275985, 0.9251927640322603)",1161260244,footway,,False,True,39.033176275853705,"LINESTRING (630063.98352745 5804083.20067978, 630073.9446823272 5804080.280903574, 630098.8861277787 5804065.9823107775)",39.033176275853705,OSM:length,1.2,Inferred:highway=footway (typical sidewalk width),-0.04,Inferred:highway=footway (sidewalks typically lowered),0,Default: no crossing indicators found,0,OSM:highway=footway (walk_lane),,,,,,,,,
597,"(0.47625279437651197, 0.9011007882541349)","(0.5177721861950415, 0.9320497232752745)",7370610,residential,Oudeschans,False,False,51.66473695149454,,51.66473695149454,OSM:length,1.0,Default:highway=residential (fallback width),-0.04,Default:highway=residential (pedestrian paths default lowered),0,Default: no crossing indicators found,0,Default:highway=residential (walk_lane fallback),30,,,,,,,,
602,"(0.441188162561247, 0.9334838913757862)","(0.47625279437651197, 0.9011007882541349)",7370696,residential,Korte Koningsstraat,False,True,47.65951587409927,"LINESTRING (629604.4546760579 5804041.879170825, 629600.5296610595 5804046.071693463, 629569.406413025 5804074.277280213)",47.65951587409927,OSM:length,1.0,Default:highway=residential (fallback width),-0.04,Default:highway=residential (pedestrian paths default lowered),0,Default: no crossing indicators found,0,Default:highway=residential (walk_lane fallback),30,,,,,,,,
604,"(0.381611224589155, 0.9177013183797083)","(0.3964518586152575, 0.9721427723887314)",7370605,residential,Krom Boomssloot,False,False,56.409486291303296,,56.409486291303296,OSM:length,1.0,Default:highway=residential (fallback width),-0.04,Default:highway=residential (pedestrian paths default lowered),0,Default: no crossing indicators found,0,Default:highway=residential (walk_lane fallback),30,,,,,,,,
572,"(0.381611224589155, 0.9177013183797083)","(0.40251070258694815, 0.9009639724262675)",7370746,residential,Korte Keizersstraat,False,False,26.74935404337657,"LINESTRING (629509.8572866077 5804058.487393604, 629512.4044409661 5804056.951804829, 629530.7470083643 5804041.742291597)",26.74935404337657,OSM:length,1.0,Default:highway=residential (fallback width),-0.04,Default:highway=residential (pedestrian paths default lowered),0,Default: no crossing indicators found,0,Default:highway=residential (walk_lane fallback),30,,,,,,,,
591,"(0.3687370620982111, 0.9288540478200707)","(0.381611224589155, 0.9177013183797083)","[7371224, 38316272, 38316271]",residential,Armeensebrug,False,False,17.000589421949524,"LINESTRING (629509.8572866077 5804058.487393604, 629507.8506085797 5804060.193008894, 629505.7238224982 5804062.0624024235, 629501.1078010858 5804066.114402826, 629498.9324926371 5804068.015910135, 629496.9891340006 5804069.645291197)",17.000589421949524,OSM:length,1.0,Default:highway=residential (fallback width),-0.04,Default:highway=residential (pedestrian paths default lowered),0,Default: no crossing indicators found,0,Default:highway=residential (walk_lane fallback),30,yes,,,,,,,
580,"(0.3289878323818279, 0.8702319804369419)","(0.34671364997724397, 0.8873280106736059)",7370599,residential,Krom Boomssloot,False,True,24.782339715608728,"LINESTRING (629457.2584599187 5804010.996058462, 629459.8178006171 5804015.214519401, 629474.976002793 5804028.100010966)",24.782339715608728,OSM:length,1.0,Default:highway=residential (fallback width),-0.04,Default:highway=residential (pedestrian paths default lowered),0,Default: no crossing indicators found,0,Default:highway=residential (walk_lane fallback),30,,,,,,,,
582,"(0.29211672242236786, 0.855525405528066)","(0.3289878323818279, 0.8702319804369419)","[223678901, 7371231]","['footway', 'pedestrian']",Krom Boomssloot,False,True,44.63999716395101,"LINESTRING (629457.2584599187 5804010.996058462, 629453.9748708631 5804007.637756234, 629451.1540858279 5804004.035655308, 629445.0935783802 5803998.256100741, 629431.5484098978 5803992.413330662, 629428.0081851499 5803995.447544147, 629424.2346035752 5803996.216414271, 629420.4045620371 5803996.282668555)",44.63999716395101,OSM:length,1.0,"Default:highway=['footway', 'pedestrian'] (fallback width)",-0.04,"Default:highway=['footway', 'pedestrian'] (pedestrian paths default lowered)",0,Default: no crossing indicators found,0,"Default:highway=['footway', 'pedestrian'] (walk_lane fallback)",,,,,,,,,
585,"(0.3072437371781192, 0.9229557269875239)","(0.3289878323818279, 0.8702319804369419)",37704995,residential,Dijkstraat,False,True,57.05144184025177,"LINESTRING (629457.2584599187 5804010.996058462, 629456.1486428793 5804014.862069154, 629455.0659908825 5804016.6587775, 629447.9266225018 5804033.776842393, 629435.5245152382 5804063.744237094)",57.05144184025177,OSM:length,1.0,Default:highway=residential (fallback width),-0.04,Default:highway=residential (pedestrian paths default lowered),0,Default: no crossing indicators found,0,Default:highway=residential (walk_lane fallback),30,,,,,,,,
573,"(0.06420539578509436, 0.7655259676031616)","(0.11968077891117408, 0.8643596439540283)",7371058,residential,Kloveniersburgwal,False,False,113.23275166417802,,113.23275166417802,OSM:length,3.5,OSM:width=3.5,-0.04,Default:highway=residential (pedestrian paths default lowered),0,Default: no crossing indicators found,0,Default:highway=residential (walk_lane fallback),30,,,,,3.5,,,
578,"(0.11968077891117408, 0.8643596439540283)","(0.1474823910935645, 0.9174048422685009)",7371289,residential,Kloveniersburgwal,False,True,59.838887013714,"LINESTRING (629248.049114635 5804005.12100075, 629255.8987519856 5804020.340238949, 629263.2305382646 5804034.266048475, 629275.8377485394 5804058.190780106)",59.838887013714,OSM:length,3.5,OSM:width=3.5,-0.04,Default:highway=residential (pedestrian paths default lowered),0,Default: no crossing indicators found,0,Default:highway=residential (walk_lane fallback),30,,,,,3.5,,,
1074,"(0.9709151631275985, 0.9251927640322603)","(0.9797991376956983, 0.9193758451130105)",1161260244,footway,,False,True,10.593461177615866,,10.593461177615866,OSM:length,1.2,Inferred:highway=footway (typical sidewalk width),-0.04,Inferred:highway=footway (sidewalks typically lowered),0,Default: no crossing indicators found,0,OSM:highway=footway (walk_lane),,,,,,,,,
751,"(0.9709151631275985, 0.9251927640322603)","(0.980346715172193, 0.9391243331828746)","[139343704, 321173648]",secondary,Nieuwe Foeliestraat,False,False,16.803770944565585,"LINESTRING (630098.8861277787 5804065.9823107775, 630102.3140057262 5804071.081028788, 630108.3132770101 5804079.92033579)",16.803770944565585,OSM:length,1.0,Default:highway=secondary (fallback width),0.04,Inferred:highway=secondary (main roads typically raised),0,Default: no crossing indicators found,0,Default:highway=secondary (walk_lane fallback),30,,2,,,,,,
601,"(0.40251070258694815, 0.9009639724262675)","(0.441188162561247, 0.9334838913757862)",7370694,pedestrian,Korte Keizersdwarsstraat,False,False,50.42530522131494,"LINESTRING (629530.7470083643 5804041.742291597, 629533.0771360644 5804043.795712147, 629566.0411148253 5804071.439816904, 629569.406413025 5804074.277280213)",50.42530522131494,OSM:length,1.2,Inferred:highway=pedestrian (typical sidewalk width),-0.04,Inferred:highway=pedestrian (sidewalks typically lowered),0,Default: no crossing indicators found,0,OSM:highway=pedestrian (walk_lane),,,,,,,,,
707,"(0.000851081884583739, 0.7894171726255029)","(0.06420539578509436, 0.7655259676031616)",148804007,pedestrian,Spinhuissteeg,False,True,67.5876488939262,"LINESTRING (629192.5996283863 5803906.241525066, 629144.6599681135 5803925.850860815, 629129.2748893857 5803930.143801226)",67.5876488939262,OSM:length,1.2,Inferred:highway=pedestrian (typical sidewalk width),-0.04,Inferred:highway=pedestrian (sidewalks typically lowered),0,Default: no crossing indicators found,0,OSM:highway=pedestrian (walk_lane),,,,,,,,,
594,"(0.0951970879152893, 0.9423304812097082)","(0.1474823910935645, 0.9174048422685009)",7371250,pedestrian,Bethaniënstraat,False,False,57.76057560705619,,57.76057560705619,OSM:length,1.2,Inferred:highway=pedestrian (typical sidewalk width),-0.04,Inferred:highway=pedestrian (sidewalks typically lowered),0,Default: no crossing indicators found,0,OSM:highway=pedestrian (walk_lane),,,,,,,,,
612,"(0.1474823910935645, 0.9174048422685009)","(0.1621809408845695, 0.9451998865988536)",7371289,residential,Kloveniersburgwal,False,True,31.41517570190943,,31.41517570190943,OSM:length,3.5,OSM:width=3.5,-0.04,Default:highway=residential (pedestrian paths default lowered),0,Default: no crossing indicators found,0,Default:highway=residential (walk_lane fallback),30,,,,,3.5,,,
588,"(0.3261176038323959, 0.9313829012381305)","(0.34671364997724397, 0.8873280106736059)",114531674,footway,Kleersloot,False,False,48.6013761558073,,48.6013761558073,OSM:length,1.2,Inferred:highway=footway (typical sidewalk width),-0.04,Inferred:highway=footway (sidewalks typically lowered),0,Default: no crossing indicators found,0,OSM:highway=footway (walk_lane),,,,,,,,,
589,"(0.34671364997724397, 0.8873280106736059)","(0.3687370620982111, 0.9288540478200707)",7370599,residential,Krom Boomssloot,False,True,47.248582614626585,"LINESTRING (629474.976002793 5804028.100010966, 629477.1970322838 5804030.417633694, 629479.0102145346 5804032.702273115, 629480.9044431467 5804035.790341823, 629485.50937753 5804044.592171225, 629490.860258673 5804054.815895558, 629493.7751616414 5804060.535031675, 629495.7550625149 5804066.062639417, 629496.9891340006 5804069.645291197)",47.248582614626585,OSM:length,1.0,Default:highway=residential (fallback width),-0.04,Default:highway=residential (pedestrian paths default lowered),0,Default: no crossing indicators found,0,Default:highway=residential (walk_lane fallback),30,,,,,,,,
738,"(0.2879461490196563, 0.9137944420223962)","(0.29211672242236786, 0.855525405528066)",444134499,footway,,False,False,58.42297604021922,"LINESTRING (629420.4045620371 5803996.282668555, 629419.8548003547 5804000.352603602, 629416.2359355309 5804054.578706807)",58.42297604021922,OSM:length,1.2,Inferred:highway=footway (typical sidewalk width),-0.04,Inferred:highway=footway (sidewalks typically lowered),0,Default: no crossing indicators found,0,OSM:highway=footway (walk_lane),,,,,,,,,
733,"(0.29321470993061016, 0.955213847407213)","(0.3072437371781192, 0.9229557269875239)","[37704995, 444134493]","['residential', 'pedestrian']",Dijkstraat,False,True,35.18323635897944,"LINESTRING (629435.5245152382 5804063.744237094, 629429.5890670144 5804075.752322493, 629421.5020369856 5804096.017305864)",35.18323635897944,OSM:length,1.0,"Default:highway=['residential', 'pedestrian'] (fallback width)",-0.04,"Default:highway=['residential', 'pedestrian'] (pedestrian paths default lowered)",0,Default: no crossing indicators found,0,"Default:highway=['residential', 'pedestrian'] (walk_lane fallback)",30,,,,,,,,
737,"(0.2879461490196563, 0.9137944420223962)","(0.3072437371781192, 0.9229557269875239)",137104285,footway,J.W. Siebbeleshof,False,False,21.83021403394004,"LINESTRING (629435.5245152382 5804063.744237094, 629432.3316990292 5804060.043331849, 629416.2359355309 5804054.578706807)",21.83021403394004,OSM:length,1.2,Inferred:highway=footway (typical sidewalk width),-0.04,Inferred:highway=footway (sidewalks typically lowered),0,Default: no crossing indicators found,0,OSM:highway=footway (walk_lane),,,,,,,,,
617,"(0.3687370620982111, 0.9288540478200707)","(0.3821167581766951, 0.9839133774867808)",7370599,residential,Krom Boomssloot,False,True,56.67043101860884,"LINESTRING (629496.9891340006 5804069.645291197, 629498.6966864121 5804075.944775788, 629508.6586764723 5804119.588170129, 629510.3625842034 5804124.73013525)",56.67043101860884,OSM:length,1.0,Default:highway=residential (fallback width),-0.04,Default:highway=residential (pedestrian paths default lowered),0,Default: no crossing indicators found,0,Default:highway=residential (walk_lane fallback),30,,,,,,,,
619,"(0.31504203421310206, 0.9738969854335657)","(0.3687370620982111, 0.9288540478200707)","[444134500, 444134495]",pedestrian,Keizersstraat,False,False,69.94563630457998,"LINESTRING (629496.9891340006 5804069.645291197, 629444.0931770974 5804114.028317695, 629443.319171892 5804114.70910162)",69.94563630457998,OSM:length,1.2,Inferred:highway=pedestrian (typical sidewalk width),-0.04,Inferred:highway=pedestrian (sidewalks typically lowered),0,Default: no crossing indicators found,0,OSM:highway=pedestrian (walk_lane),,,,,,,,,
596,"(0.06855444545641794, 0.8848441525687659)","(0.0951970879152893, 0.9423304812097082)",7371251,pedestrian,Bethaniëndwarsstraat,False,False,63.31635109895136,"LINESTRING (629196.9466478453 5804025.615001846, 629213.7771805375 5804061.491754677, 629223.5768530535 5804083.12796954)",63.31635109895136,OSM:length,1.2,Inferred:highway=pedestrian (typical sidewalk width),-0.04,Inferred:highway=pedestrian (sidewalks typically lowered),0,Default: no crossing indicators found,0,OSM:highway=pedestrian (walk_lane),,,,,,,,,
610,"(0.04901538391972653, 0.96555895279194)","(0.0951970879152893, 0.9423304812097082)",7371238,pedestrian,Bethaniënstraat,False,False,51.553694039937724,"LINESTRING (629223.5768530535 5804083.12796954, 629190.025589057 5804099.864795917, 629177.4167074837 5804106.36720515)",51.553694039937724,OSM:length,1.2,Inferred:highway=pedestrian (typical sidewalk width),-0.04,Inferred:highway=pedestrian (sidewalks typically lowered),0,Default: no crossing indicators found,0,OSM:highway=pedestrian (walk_lane),,,,,,,,,
613,"(0.4787112486060222, 0.9671195449519073)","(0.5177721861950415, 0.9320497232752745)",7370754,residential,Recht Boomssloot,False,True,52.46746939447788,"LINESTRING (629645.9546858994 5804072.842447522, 629642.2324774226 5804077.351894243, 629606.9119826381 5804107.928520486)",52.46746939447788,OSM:length,1.0,Default:highway=residential (fallback width),-0.04,Default:highway=residential (pedestrian paths default lowered),0,Default: no crossing indicators found,0,Default:highway=residential (walk_lane fallback),30,,,,,,,,
616,"(0.5177721861950415, 0.9320497232752745)","(0.5315709047750306, 0.9427135885388089)","[568981453, 38316269, 568981454, 1357156116, 1357156117]",residential,Oudeschans,False,True,17.415808278123603,"LINESTRING (629645.9546858994 5804072.842447522, 629647.2980933528 5804074.079771852, 629650.1656275946 5804076.158531732, 629655.11209477 5804079.738831354, 629656.1549655207 5804080.489690342, 629659.7469629967 5804083.5112544)",17.415808278123603,OSM:length,1.0,Default:highway=residential (fallback width),-0.04,Default:highway=residential (pedestrian paths default lowered),0,Default: no crossing indicators found,0,Default:highway=residential (walk_lane fallback),30,yes,,,,,,,
605,"(0.3964518586152575, 0.9721427723887314)","(0.441188162561247, 0.9334838913757862)",7370696,residential,Korte Koningsstraat,False,True,59.01012602542845,,59.01012602542845,OSM:length,1.0,Default:highway=residential (fallback width),-0.04,Default:highway=residential (pedestrian paths default lowered),0,Default: no crossing indicators found,0,Default:highway=residential (walk_lane fallback),30,,,,,,,,
614,"(0.441188162561247, 0.9334838913757862)","(0.4787112486060222, 0.9671195449519073)",7370756,pedestrian,Korte Koningsdwarsstraat,False,False,50.335458937545766,"LINESTRING (629569.406413025 5804074.277280213, 629572.1592102887 5804076.575556392, 629592.2084616569 5804093.318419884, 629606.9119826381 5804107.928520486)",50.335458937545766,OSM:length,1.2,Inferred:highway=pedestrian (typical sidewalk width),-0.04,Inferred:highway=pedestrian (sidewalks typically lowered),0,Default: no crossing indicators found,0,OSM:highway=pedestrian (walk_lane),,,,,,,,,
618,"(0.3821167581766951, 0.9839133774867808)","(0.3964518586152575, 0.9721427723887314)","[38316273, 38316274, 7370715]",residential,Schottenburchsbrug,False,False,18.522821974778044,"LINESTRING (629524.6909927668 5804112.954075676, 629522.3525400453 5804114.584180957, 629519.7810486365 5804116.786871211, 629515.1955098016 5804120.717238666, 629512.4982796775 5804123.039045036, 629510.3625842034 5804124.73013525)",18.522821974778044,OSM:length,1.0,Default:highway=residential (fallback width),-0.04,Default:highway=residential (pedestrian paths default lowered),0,Default: no crossing indicators found,0,Default:highway=residential (walk_lane fallback),30,yes,,,,,,,
609,"(0.01379086987578252, 0.9073474005346918)","(0.04901538391972653, 0.96555895279194)",7371651,residential,Oudezijds Achterburgwal,False,False,67.96908586987993,,67.96908586987993,OSM:length,1.0,Default:highway=residential (fallback width),-0.04,Default:highway=residential (pedestrian paths default lowered),0,Default: no crossing indicators found,0,Default:highway=residential (walk_lane fallback),30,,,,,,,,
611,"(0.0, 0.9147727625019821)","(0.01379086987578252, 0.9073474005346918)","[7371218, 38314629, 38314630]",residential,Paulusbroedersluis,False,False,15.621832706660928,"LINESTRING (629142.2086368579 5804048.128677773, 629137.9263659194 5804050.375718629, 629133.0118147015 5804053.095858835, 629128.424204801 5804055.557480639)",15.621832706660928,OSM:length,3.0,OSM:width=3,-0.04,Default:highway=residential (pedestrian paths default lowered),0,Default: no crossing indicators found,0,Default:highway=residential (walk_lane fallback),30,yes,,,,3,,,
632,"(0.5315709047750306, 0.9427135885388089)","(0.5578601115176604, 0.9622160506367078)",7370719,residential,Oudeschans,False,False,32.65696188438774,"LINESTRING (629659.7469629967 5804083.5112544, 629675.2006114176 5804094.980644271, 629686.0238974786 5804103.022753901)",32.65696188438774,OSM:length,1.0,Default:highway=residential (fallback width),-0.04,Default:highway=residential (pedestrian paths default lowered),0,Default: no crossing indicators found,0,Default:highway=residential (walk_lane fallback),30,,,,,,,,
735,"(0.29321470993061016, 0.955213847407213)","(0.31504203421310206, 0.9738969854335657)",444134502,pedestrian,Dijkdwarsstraat,False,True,28.80403898051768,"LINESTRING (629443.319171892 5804114.70910162, 629441.3078536519 5804111.929583524, 629433.227998988 5804104.716933209, 629421.5020369856 5804096.017305864)",28.80403898051768,OSM:length,1.2,Inferred:highway=pedestrian (typical sidewalk width),-0.04,Inferred:highway=pedestrian (sidewalks typically lowered),0,Default: no crossing indicators found,0,OSM:highway=pedestrian (walk_lane),,,,,,,,,
623,"(0.9780094333862029, 0.9574061493479545)","(0.9950538411881138, 0.9468434049729483)",755965674,secondary,Prins Hendrikkade,False,False,20.002351578802315,,20.002351578802315,OSM:length,1.0,Default:highway=secondary (fallback width),0.04,Inferred:highway=secondary (main roads typically raised),0,Default: no crossing indicators found,0,Default:highway=secondary (walk_lane fallback),30,,2,,,,,,
627,"(0.9815698756838669, 0.9454417060280075)","(0.9950538411881138, 0.9468434049729483)",113964917,trunk_link,,False,True,13.572698935910754,"LINESTRING (630123.0135374828 5804087.642984583, 630119.0803600827 5804086.7154699275, 630115.0670591841 5804086.242137535, 630109.5358665291 5804086.240636094)",13.572698935910754,OSM:length,1.0,Default:highway=trunk_link (fallback width),-0.04,Default:highway=trunk_link (pedestrian paths default lowered),0,Default: no crossing indicators found,0,Default:highway=trunk_link (walk_lane fallback),50,,1,,,,,,
629,"(0.9780094333862029, 0.9574061493479545)","(0.9815698756838669, 0.9454417060280075)",328331723,secondary_link,,False,True,12.956253228669443,"LINESTRING (630105.9770863081 5804098.210623713, 630107.9524353317 5804095.636339284, 630109.2502625419 5804092.665757721, 630109.7909861503 5804089.474842331, 630109.5358665291 5804086.240636094)",12.956253228669443,OSM:length,1.0,Default:highway=secondary_link (fallback width),-0.04,Default:highway=secondary_link (pedestrian paths default lowered),0,Default: no crossing indicators found,0,Default:highway=secondary_link (walk_lane fallback),30,,,,,,,,
641,"(0.9530368282584152, 0.9711524857756436)","(0.9780094333862029, 0.9574061493479545)","[418303520, 1081642543]",secondary,Prins Hendrikkade,False,False,28.449871679812283,"LINESTRING (630105.9770863081 5804098.210623713, 630095.4251352547 5804103.897018898, 630091.7639912739 5804106.337727991, 630081.0161388284 5804111.963330166)",28.449871679812283,OSM:length,1.0,Default:highway=secondary (fallback width),0.04,Inferred:highway=secondary (main roads typically raised),0,Default: no crossing indicators found,0,Default:highway=secondary (walk_lane fallback),30,,"['2', '1']",,,,,,
749,"(0.980346715172193, 0.9391243331828746)","(0.9815698756838669, 0.9454417060280075)",328331723,secondary_link,,False,True,6.433360358883068,,6.433360358883068,OSM:length,1.0,Default:highway=secondary_link (fallback width),-0.04,Default:highway=secondary_link (pedestrian paths default lowered),0,Default: no crossing indicators found,0,Default:highway=secondary_link (walk_lane fallback),30,,,,,,,,
754,"(0.9711296411161442, 0.9480026879457265)","(0.9815698756838669, 0.9454417060280075)",113964917,trunk_link,,False,True,10.738834696992004,"LINESTRING (630109.5358665291 5804086.240636094, 630104.9518856849 5804086.998698943, 630099.1005056452 5804088.802804765)",10.738834696992004,OSM:length,1.0,Default:highway=trunk_link (fallback width),-0.04,Default:highway=trunk_link (pedestrian paths default lowered),0,Default: no crossing indicators found,0,Default:highway=trunk_link (walk_lane fallback),50,,1,,,,,,
657,"(0.5578601115176604, 0.9622160506367078)","(0.5734865575028399, 0.9743742616886781)",7370719,residential,Oudeschans,False,False,19.75450394953339,,19.75450394953339,OSM:length,1.0,Default:highway=residential (fallback width),-0.04,Default:highway=residential (pedestrian paths default lowered),0,Default: no crossing indicators found,0,Default:highway=residential (walk_lane fallback),30,,,,,,,,
658,"(0.5381068438406041, 0.9801843037171323)","(0.5578601115176604, 0.9622160506367078)",7370824,residential,Oudeschans,False,False,26.653119195075316,,26.653119195075316,OSM:length,1.0,Default:highway=residential (fallback width),-0.04,Default:highway=residential (pedestrian paths default lowered),0,Default: no crossing indicators found,0,Default:highway=residential (walk_lane fallback),,,,,,,,,
638,"(0.9471717401035723, 0.9617758446568313)","(0.9530368282584152, 0.9711524857756436)",7370927,secondary,Foeliestraat,False,True,11.047900636982275,,11.047900636982275,OSM:length,1.0,Default:highway=secondary (fallback width),0.04,Inferred:highway=secondary (main roads typically raised),0,Default: no crossing indicators found,0,Default:highway=secondary (walk_lane fallback),30,,,,,,,,S116
642,"(0.943881060213636, 0.9563272019563256)","(0.9471717401035723, 0.9617758446568313)",777429021,secondary,Foeliestraat,False,False,6.358663727343749,,6.358663727343749,OSM:length,1.0,Default:highway=secondary (fallback width),0.04,Inferred:highway=secondary (main roads typically raised),0,Default: no crossing indicators found,0,Default:highway=secondary (walk_lane fallback),30,,,,,,,,
648,"(0.9361817961749367, 0.9678598286470861)","(0.9471717401035723, 0.9617758446568313)",113964933,tertiary,Prins Hendrikkade,False,True,12.52869321522082,"LINESTRING (630075.1537885991 5804102.58234393, 630069.8922068833 5804105.526113816, 630064.1689749681 5804108.669147227)",12.52869321522082,OSM:length,1.0,Default:highway=tertiary (fallback width),0.04,Inferred:highway=tertiary (main roads typically raised),0,Default: no crossing indicators found,0,Default:highway=tertiary (walk_lane fallback),50,,3,,,,,,
651,"(0.9471717401035723, 0.9617758446568313)","(0.9565381725397256, 0.9554932893935275)",198245645,secondary,Prins Hendrikkade,False,False,11.251818060738131,"LINESTRING (630075.1537885991 5804102.58234393, 630079.8269800388 5804099.478353562, 630084.515848621 5804096.296877343)",11.251818060738131,OSM:length,1.0,Default:highway=secondary (fallback width),0.04,Inferred:highway=secondary (main roads typically raised),0,Default: no crossing indicators found,0,Default:highway=secondary (walk_lane fallback),30,,3,,,,,,S116
653,"(0.9413495572129339, 0.9770623135433024)","(0.9530368282584152, 0.9711524857756436)",7370966,secondary,Prins Hendrikkade,False,False,13.13327493342305,"LINESTRING (630081.0161388284 5804111.963330166, 630075.2580870545 5804115.650760686, 630069.334323605 5804117.875896537)",13.13327493342305,OSM:length,1.0,Default:highway=secondary (fallback width),0.04,Inferred:highway=secondary (main roads typically raised),0,Default: no crossing indicators found,0,Default:highway=secondary (walk_lane fallback),50,,1,,,,,,
656,"(0.9530368282584152, 0.9711524857756436)","(0.9583078361330719, 0.9800573666360884)",7371005,trunk_link,,False,True,10.342230765939762,"LINESTRING (630081.0161388284 5804111.963330166, 630083.916623041 5804117.170522428, 630086.2846861045 5804120.872337531)",10.342230765939762,OSM:length,1.0,Default:highway=trunk_link (fallback width),-0.04,Default:highway=trunk_link (pedestrian paths default lowered),0,Default: no crossing indicators found,0,Default:highway=trunk_link (walk_lane fallback),50,,2,,,,,,S116
650,"(0.943881060213636, 0.9563272019563256)","(0.9565381725397256, 0.9554932893935275)",1081642535,tertiary,Prins Hendrikkade,False,False,12.64059745481294,,12.64059745481294,OSM:length,1.0,Default:highway=tertiary (fallback width),0.04,Inferred:highway=tertiary (main roads typically raised),0,Default: no crossing indicators found,0,Default:highway=tertiary (walk_lane fallback),30,,1,,,,,,
691,"(0.9330905651455136, 0.9618268843043373)","(0.943881060213636, 0.9563272019563256)",1081642535,tertiary,Prins Hendrikkade,False,True,12.078184182044062,"LINESTRING (630071.864644856 5804097.131176339, 630066.8726003598 5804099.6702911155, 630061.0791869793 5804102.63340723)",12.078184182044062,OSM:length,1.0,Default:highway=tertiary (fallback width),0.04,Inferred:highway=tertiary (main roads typically raised),0,Default: no crossing indicators found,0,Default:highway=tertiary (walk_lane fallback),30,,1,,,,,,
652,"(0.9361817961749367, 0.9678598286470861)","(0.9413495572129339, 0.9770623135433024)",27252054,footway,,False,False,10.544329178421432,,10.544329178421432,OSM:length,1.2,Inferred:highway=footway (typical sidewalk width),-0.04,Inferred:highway=footway (sidewalks typically lowered),0,Default: no crossing indicators found,0,OSM:highway=footway (walk_lane),,,,,,,,,
689,"(0.9330905651455136, 0.9618268843043373)","(0.9361817961749367, 0.9678598286470861)",27252054,footway,,False,True,6.773207093203314,,6.773207093203314,OSM:length,1.2,Inferred:highway=footway (typical sidewalk width),-0.04,Inferred:highway=footway (sidewalks typically lowered),0,Default: no crossing indicators found,0,OSM:highway=footway (walk_lane),,,,,,,,,
752,"(0.9565381725397256, 0.9554932893935275)","(0.9711296411161442, 0.9480026879457265)",1081642533,secondary,Prins Hendrikkade,False,False,16.357237312798432,,16.357237312798432,OSM:length,1.0,Default:highway=secondary (fallback width),0.04,Inferred:highway=secondary (main roads typically raised),0,Default: no crossing indicators found,0,Default:highway=secondary (walk_lane fallback),30,,4,,,,,,S116
694,"(0.9413495572129339, 0.9770623135433024)","(0.9465653610661556, 0.986766654262417)",27252054,footway,,False,False,11.007490444596023,"LINESTRING (630069.334323605 5804117.875896537, 630070.7432874792 5804120.495092011, 630072.288439749 5804123.37385736, 630074.54769263 5804127.584734228)",11.007490444596023,OSM:length,1.2,Inferred:highway=footway (typical sidewalk width),-0.04,Inferred:highway=footway (sidewalks typically lowered),0,Default: no crossing indicators found,0,OSM:highway=footway (walk_lane),,,,,,,,,
693,"(0.9465653610661556, 0.986766654262417)","(0.9583078361330719, 0.9800573666360884)",762965615,footway,,False,True,13.4890795779623,,13.4890795779623,OSM:length,1.2,Inferred:highway=footway (typical sidewalk width),-0.04,Inferred:highway=footway (sidewalks typically lowered),0,Default: no crossing indicators found,0,OSM:highway=footway (walk_lane),,,,,,,,,
660,"(0.5336225104463362, 0.984582646147103)","(0.5381068438406041, 0.9801843037171323)",1354505869,footway,,False,False,6.270374019929408,,6.270374019929408,OSM:length,1.2,Inferred:highway=footway (typical sidewalk width),-0.04,Inferred:highway=footway (sidewalks typically lowered),0,Default: no crossing indicators found,0,OSM:highway=footway (walk_lane),,,,,,,,,
662,"(0.2486547269133326, 0.9758244519469121)","(0.2503539359867622, 0.9827325499205608)",7371267,unclassified,Sint Antoniesbreestraat,False,True,7.111997121653415,,7.111997121653415,OSM:length,1.0,Default:highway=unclassified (fallback width),-0.04,Default:highway=unclassified (pedestrian paths default lowered),0,Default: no crossing indicators found,0,Default:highway=unclassified (walk_lane fallback),30,,,,,,,,
853,"(0.2486547269133326, 0.9758244519469121)","(0.2529687701292209, 0.9105288205296251)",7371267,unclassified,Sint Antoniesbreestraat,False,True,65.73605023046854,"LINESTRING (629376.9628553464 5804116.637461318, 629376.6940701653 5804114.682802286, 629375.6419521786 5804109.357693697, 629375.4831407447 5804103.477346502, 629376.1611734519 5804096.339142356, 629376.6233153372 5804091.454475605, 629381.2748846916 5804051.311572032)",65.73605023046854,OSM:length,1.0,Default:highway=unclassified (fallback width),-0.04,Default:highway=unclassified (pedestrian paths default lowered),0,Default: no crossing indicators found,0,Default:highway=unclassified (walk_lane fallback),30,,,,,,,,
734,"(0.2486547269133326, 0.9758244519469121)","(0.29321470993061016, 0.955213847407213)",444134493,pedestrian,Dijkstraat,False,False,63.78338610773345,"LINESTRING (629376.9628553464 5804116.637461318, 629409.7391270621 5804123.964929969, 629421.5020369856 5804096.017305864)",63.78338610773345,OSM:length,1.2,Inferred:highway=pedestrian (typical sidewalk width),-0.04,Inferred:highway=pedestrian (sidewalks typically lowered),0,Default: no crossing indicators found,0,OSM:highway=pedestrian (walk_lane),,,,,,,,,
669,"(0.3015545077113844, 0.6934301521350085)","(0.3068937647996281, 0.7018688575164511)","[1307706065, 27312370]","['footway', 'steps']",Waterlooplein,False,False,9.980208193955997,"LINESTRING (629435.174706233 5803842.554916399, 629433.3271421578 5803839.501484694, 629431.3161140233 5803836.18778695, 629429.8379416032 5803834.1123005375)",9.980208193955997,OSM:length,1.0,"Default:highway=['footway', 'steps'] (fallback width)",-0.04,"Default:highway=['footway', 'steps'] (pedestrian paths default lowered)",0,Default: no crossing indicators found,0,"Default:highway=['footway', 'steps'] (walk_lane fallback)",,,,,,,,,
672,"(0.2895170740279974, 0.7162852353139764)","(0.3068937647996281, 0.7018688575164511)","[38343346, 7370667, 38316263]",unclassified,"['Jodenbreestraat', 'Sint Antoniesluis', 'Sint Antoniesbreestraat']",False,False,22.59957851804953,"LINESTRING (629435.174706233 5803842.554916399, 629430.6800856545 5803845.352588607, 629422.0401685877 5803852.949238979, 629417.806127204 5803856.9779747175)",22.59957851804953,OSM:length,1.0,Default:highway=unclassified (fallback width),-0.04,Default:highway=unclassified (pedestrian paths default lowered),0,Default: no crossing indicators found,0,Default:highway=unclassified (walk_lane fallback),30,yes,1,,,,,,
817,"(0.507151157299699, 0.4819387345583921)","(0.5155892910354669, 0.48839011913761476)",113951848,footway,,False,False,10.597530326370004,,10.597530326370004,OSM:length,1.2,Inferred:highway=footway (typical sidewalk width),-0.04,Inferred:highway=footway (sidewalks typically lowered),0,Default: no crossing indicators found,0,OSM:highway=footway (walk_lane),,,,,,,,,
785,"(0.6863030895958754, 0.6122664113993634)","(0.7028189008185675, 0.6238143498419494)",113951854,residential,Rapenburgerstraat,False,False,20.103773599894325,,20.103773599894325,OSM:length,1.0,Default:highway=residential (fallback width),-0.04,Default:highway=residential (pedestrian paths default lowered),0,Default: no crossing indicators found,0,Default:highway=residential (walk_lane fallback),30,,,,,,,,
783,"(0.670557947091999, 0.6358239102794372)","(0.6863030895958754, 0.6122664113993634)",107681770,pedestrian,Februariplein,False,True,28.304990460208742,"LINESTRING (629814.4069161321 5803752.910948683, 629808.8466576849 5803761.233638978, 629798.6691237356 5803776.479364062)",28.304990460208742,OSM:length,1.2,Inferred:highway=pedestrian (typical sidewalk width),-0.04,Inferred:highway=pedestrian (sidewalks typically lowered),0,Default: no crossing indicators found,0,OSM:highway=pedestrian (walk_lane),,,,,,,,,
684,"(0.9770809652266088, 0.6379662999871084)","(0.9851886655944911, 0.6349766288082914)",7370630,residential,Plantage Doklaan,False,False,8.628913623767087,"LINESTRING (630113.1529671254 5803775.631689962, 630106.8869889558 5803778.159370918, 630105.0490515736 5803778.622746549)",8.628913623767087,OSM:length,1.0,Default:highway=residential (fallback width),-0.04,Default:highway=residential (pedestrian paths default lowered),0,Default: no crossing indicators found,0,Default:highway=residential (walk_lane fallback),30,,,,,,,,
756,"(0.9486987456788986, 0.6316217144348576)","(0.9770809652266088, 0.6379662999871084)",23290285,residential,Plantage Doklaan,False,False,28.994397984089943,"LINESTRING (630105.0490515736 5803778.622746549, 630103.216601174 5803778.362871179, 630084.1197961146 5803773.796145011, 630076.6800813415 5803772.275220928)",28.994397984089943,OSM:length,1.0,Default:highway=residential (fallback width),-0.04,Default:highway=residential (pedestrian paths default lowered),0,Default: no crossing indicators found,0,Default:highway=residential (walk_lane fallback),30,,,,,,,,
1068,"(0.9303524335634834, 0.9566153155628145)","(0.9330905651455136, 0.9618268843043373)",27252054,footway,,False,True,5.882308350091948,"LINESTRING (630061.0791869793 5804102.63340723, 630059.8484214118 5804100.230377103, 630058.3423336049 5804097.419423457)",5.882308350091948,OSM:length,1.2,Inferred:highway=footway (typical sidewalk width),-0.04,Inferred:highway=footway (sidewalks typically lowered),0,Default: no crossing indicators found,0,OSM:highway=footway (walk_lane),,,,,,,,,
1073,"(0.9170490012550518, 0.968233666956584)","(0.9330905651455136, 0.9618268843043373)",1081642535,tertiary,Prins Hendrikkade,False,True,17.24185044114131,"LINESTRING (630061.0791869793 5804102.63340723, 630057.6822121041 5804104.357723041, 630045.045111571 5804109.043158772)",17.24185044114131,OSM:length,1.0,Default:highway=tertiary (fallback width),0.04,Inferred:highway=tertiary (main roads typically raised),0,Default: no crossing indicators found,0,Default:highway=tertiary (walk_lane fallback),30,,1,,,,,,
934,"(0.9324968723771135, 1.0)","(0.9465653610661556, 0.986766654262417)","[884290077, 884290078, 884290079]",footway,,False,False,23.12335327686214,"LINESTRING (630074.54769263 5804127.584734228, 630072.3934805763 5804129.453166674, 630071.4621379887 5804132.733927453, 630070.0014141889 5804138.0039549265, 630063.715091447 5804136.936408577, 630060.4857713571 5804140.824212273)",23.12335327686214,OSM:length,1.2,Inferred:highway=footway (typical sidewalk width),-0.04,Inferred:highway=footway (sidewalks typically lowered),0,Default: no crossing indicators found,0,OSM:highway=footway (walk_lane),,,,,,,,,
701,"(0.7908956769804991, 0.005138090662567053)","(0.7991983631381696, 0.00770409144947931)",646080275,service,Lepelkruisstraat,False,False,8.662132976944946,,8.662132976944946,OSM:length,1.0,Default:highway=service (fallback width),-0.04,Default:highway=service (pedestrian paths default lowered),0,Default: no crossing indicators found,0,Default:highway=service (walk_lane fallback),15,,,,,,,,
703,"(0.7908956769804991, 0.005138090662567053)","(0.8272329007114836, 0.0)","[4362105, 1446478430]",service,Lepelkruisstraat,False,True,108.42075831839595,"LINESTRING (629918.9506778708 5803145.501285865, 629890.4882711684 5803136.092021042, 629889.899257347 5803133.884043781, 629894.3606918223 5803122.304983396, 629896.5628588 5803121.47273639, 629955.2709387513 5803140.360814221)",108.42075831839595,OSM:length,1.0,Default:highway=service (fallback width),-0.04,Default:highway=service (pedestrian paths default lowered),0,Default: no crossing indicators found,0,Default:highway=service (walk_lane fallback),15,,,,,,parking_aisle,,
705,"(0.754541173504366, 0.007061156753598827)","(0.7908956769804991, 0.005138090662567053)","[646080266, 1446478437]",service,Lepelkruisstraat,False,False,40.209274984030316,"LINESTRING (629918.9506778708 5803145.501285865, 629913.0647948054 5803150.899458429, 629911.0090230891 5803152.381050159, 629909.8768974065 5803152.941030164, 629905.468944258 5803154.227025825, 629901.0934336704 5803153.76660484, 629882.6131453116 5803147.425243101)",40.209274984030316,OSM:length,1.0,Default:highway=service (fallback width),-0.04,Default:highway=service (pedestrian paths default lowered),0,Default: no crossing indicators found,0,Default:highway=service (walk_lane fallback),15,,,,,,,,
747,"(0.000851081884583739, 0.7894171726255029)","(0.006491405485776855, 0.811323389394602)",92036869,pedestrian,Dwars Spinhuissteeg,False,False,22.61389073317268,,22.61389073317268,OSM:length,1.2,Inferred:highway=pedestrian (typical sidewalk width),-0.04,Inferred:highway=pedestrian (sidewalks typically lowered),0,Default: no crossing indicators found,0,OSM:highway=pedestrian (walk_lane),,,,,,,,,
711,"(0.831385227630538, 0.49639575766854427)","(0.852131117272489, 0.49772153094787874)",583750275,footway,,False,True,20.71580829302721,,20.71580829302721,OSM:length,1.2,Inferred:highway=footway (typical sidewalk width),-0.04,Inferred:highway=footway (sidewalks typically lowered),0,Default: no crossing indicators found,0,OSM:highway=footway (walk_lane),,,,,,,,,
716,"(0.852131117272489, 0.49772153094787874)","(0.861647870864374, 0.5262720126366374)",452125501,footway,,False,False,31.03456733582745,"LINESTRING (629980.1575323901 5803638.312988357, 629982.6582811222 5803640.871936244, 629985.8054851615 5803646.297017647, 629988.297086958 5803651.78269791, 629989.4571612705 5803659.191960694, 629989.6645979604 5803664.494920185, 629989.6698433952 5803666.876700283)",31.03456733582745,OSM:length,1.2,Inferred:highway=footway (typical sidewalk width),-0.04,Inferred:highway=footway (sidewalks typically lowered),0,Default: no crossing indicators found,0,OSM:highway=footway (walk_lane),,,,,,,,,
718,"(0.852131117272489, 0.49772153094787874)","(0.8617602911839272, 0.4884867115355404)","[889255251, 583750275]",footway,,False,False,13.464741406620846,"LINESTRING (629980.1575323901 5803638.312988357, 629985.3871294305 5803631.951608312, 629989.782211235 5803629.073889547)",13.464741406620846,OSM:length,1.2,Inferred:highway=footway (typical sidewalk width),-0.04,Inferred:highway=footway (sidewalks typically lowered),0,Default: no crossing indicators found,0,OSM:highway=footway (walk_lane),,,,,,,,,
720,"(0.8144094575466713, 0.4958035403186399)","(0.831385227630538, 0.49639575766854427)",583750275,footway,,False,True,16.9268379768477,,16.9268379768477,OSM:length,1.2,Inferred:highway=footway (typical sidewalk width),-0.04,Inferred:highway=footway (sidewalks typically lowered),0,Default: no crossing indicators found,0,OSM:highway=footway (walk_lane),,,,,,,,,
714,"(0.831385227630538, 0.49639575766854427)","(0.861647870864374, 0.5262720126366374)",37618626,footway,,False,False,74.9637146950611,"LINESTRING (629959.4213272916 5803636.986600717, 629953.7554589859 5803647.231699356, 629952.2574206162 5803653.658206071, 629951.7040835678 5803658.362367255, 629953.8174202233 5803663.726754, 629957.4168134008 5803670.087471863, 629964.8739235576 5803675.860007597, 629970.6603035781 5803678.082767195, 629975.4614163846 5803677.886754871, 629978.1742812087 5803677.312875975, 629982.2272297982 5803674.748866416, 629985.4423984771 5803670.114976701, 629989.6698433952 5803666.876700283)",74.9637146950611,OSM:length,1.2,Inferred:highway=footway (typical sidewalk width),-0.04,Inferred:highway=footway (sidewalks typically lowered),0,Default: no crossing indicators found,0,OSM:highway=footway (walk_lane),,,,,,,,,
730,"(0.8312204866322274, 0.5591308230437564)","(0.861647870864374, 0.5262720126366374)",452125501,footway,,False,False,64.07527598676698,"LINESTRING (629989.6698433952 5803666.876700283, 629992.6283595676 5803667.578039226, 629995.4015781381 5803669.6211171225, 630000.2748071464 5803677.273095679, 629999.7570311171 5803679.596550482, 629992.1185606422 5803685.081888933, 629986.4837057143 5803688.216232649, 629977.1487850109 5803695.515378666, 629972.449954751 5803697.772984156, 629968.5582613893 5803698.616236745, 629963.6039905988 5803699.453703888, 629959.2566631973 5803699.750737399)",64.07527598676698,OSM:length,1.2,Inferred:highway=footway (typical sidewalk width),-0.04,Inferred:highway=footway (sidewalks typically lowered),0,Default: no crossing indicators found,0,OSM:highway=footway (walk_lane),,,,,,,,,
876,"(0.8617602911839272, 0.4884867115355404)","(0.8657578069051725, 0.4862894777723111)",889255251,footway,,False,False,4.549552615553234,,4.549552615553234,OSM:length,1.2,Inferred:highway=footway (typical sidewalk width),-0.04,Inferred:highway=footway (sidewalks typically lowered),0,Default: no crossing indicators found,0,OSM:highway=footway (walk_lane),,,,,,,,,
886,"(0.753729165998753, 0.47104387386644914)","(0.8617602911839272, 0.4884867115355404)",976110209,footway,,False,False,110.39651141990758,"LINESTRING (629989.782211235 5803629.073889547, 629982.3511148253 5803627.475441931, 629973.7642066721 5803627.337804336, 629953.0961930281 5803628.072140349, 629942.0472340042 5803627.7805463625, 629930.9314907874 5803626.66365706, 629921.6545970403 5803625.049983398, 629913.4019694024 5803622.828989662, 629903.7264526519 5803619.023518145, 629889.6289805045 5803613.176072617, 629885.0897249766 5803611.96567558, 629881.8015168653 5803611.622968901)",110.39651141990758,OSM:length,1.2,Inferred:highway=footway (typical sidewalk width),-0.04,Inferred:highway=footway (sidewalks typically lowered),0,Default: no crossing indicators found,0,OSM:highway=footway (walk_lane),,,,,,,,,
723,"(0.7860247186025239, 0.5099057873638152)","(0.8144094575466713, 0.4958035403186399)",37618625,footway,,False,False,32.13321014807106,"LINESTRING (629942.4534817936 5803636.394108934, 629937.0333413015 5803640.16853843, 629928.7338320751 5803646.4378297, 629914.0819933412 5803650.502890933)",32.13321014807106,OSM:length,1.2,Inferred:highway=footway (typical sidewalk width),-0.04,Inferred:highway=footway (sidewalks typically lowered),0,Default: no crossing indicators found,0,OSM:highway=footway (walk_lane),,,,,,,,,
728,"(0.7760003407173554, 0.49075299842270415)","(0.8144094575466713, 0.4958035403186399)",583750275,footway,,False,True,38.94297265760002,"LINESTRING (629942.4534817936 5803636.394108934, 629915.6659575402 5803631.780921262, 629910.8130412252 5803630.840452663, 629906.620885336 5803630.418233679, 629904.0622950107 5803631.341226627)",38.94297265760002,OSM:length,1.2,Inferred:highway=footway (typical sidewalk width),-0.04,Inferred:highway=footway (sidewalks typically lowered),0,Default: no crossing indicators found,0,OSM:highway=footway (walk_lane),,,,,,,,,
727,"(0.7760003407173554, 0.49075299842270415)","(0.7860247186025239, 0.5099057873638152)",452125501,footway,,False,False,24.416076622515206,"LINESTRING (629914.0819933412 5803650.502890933, 629911.7977130535 5803648.517277463, 629907.1999212862 5803644.879157487, 629903.0031879164 5803639.982898888, 629902.0887733236 5803636.942773051, 629904.0622950107 5803631.341226627)",24.416076622515206,OSM:length,1.2,Inferred:highway=footway (typical sidewalk width),-0.04,Inferred:highway=footway (sidewalks typically lowered),0,Default: no crossing indicators found,0,OSM:highway=footway (walk_lane),,,,,,,,,
729,"(0.7860247186025239, 0.5099057873638152)","(0.8312204866322274, 0.5591308230437564)",452125501,footway,,False,True,68.04913857558317,"LINESTRING (629914.0819933412 5803650.502890933, 629935.847751594 5803665.7343225, 629944.0048935506 5803674.151780826, 629950.0870615611 5803684.784839926, 629954.6743535721 5803693.464237033, 629957.512926235 5803697.935176312, 629959.2566631973 5803699.750737399)",68.04913857558317,OSM:length,1.2,Inferred:highway=footway (typical sidewalk width),-0.04,Inferred:highway=footway (sidewalks typically lowered),0,Default: no crossing indicators found,0,OSM:highway=footway (walk_lane),,,,,,,,,
884,"(0.753729165998753, 0.47104387386644914)","(0.7760003407173554, 0.49075299842270415)",452125501,footway,,False,False,31.26093975753454,"LINESTRING (629904.0622950107 5803631.341226627, 629901.5826309772 5803629.272559734, 629896.8450287328 5803627.834335229, 629889.9960102597 5803623.279899139, 629886.3672940779 5803621.1252834685, 629883.4736818378 5803617.187137938, 629882.6164129545 5803614.304332075, 629881.8015168653 5803611.622968901)",31.26093975753454,OSM:length,1.2,Inferred:highway=footway (typical sidewalk width),-0.04,Inferred:highway=footway (sidewalks typically lowered),0,Default: no crossing indicators found,0,OSM:highway=footway (walk_lane),,,,,,,,,
946,"(0.8312204866322274, 0.5591308230437564)","(0.9372955094093341, 0.6177383217170713)",461765270,footway,,False,True,160.60500786129197,"LINESTRING (629959.2566631973 5803699.750737399, 629961.1617575741 5803704.486399191, 629963.7657694895 5803712.4234509915, 629965.9731425927 5803717.578872946, 629967.6645039269 5803720.86210484, 629970.5288657873 5803725.645350357, 629976.9183475747 5803733.148135673, 630016.396565242 5803777.494041021, 630026.2115490241 5803787.8696460845, 630043.3174235038 5803773.931393214, 630050.6523701602 5803768.070856814, 630056.3961409985 5803763.648480789, 630065.2821683018 5803758.385394673)",160.60500786129197,OSM:length,1.2,Inferred:highway=footway (typical sidewalk width),-0.04,Inferred:highway=footway (sidewalks typically lowered),0,Default: no crossing indicators found,0,OSM:highway=footway (walk_lane),,,,,,,,,
855,"(0.2529687701292209, 0.9105288205296251)","(0.2879461490196563, 0.9137944420223962)","[444134498, 137104285, 444134501]",footway,J.W. Siebbeleshof,False,False,35.01642993897782,"LINESTRING (629416.2359355309 5804054.578706807, 629397.9064022944 5804053.23997342, 629396.8119145741 5804053.155561416, 629388.8940821978 5804052.212942613, 629381.2748846916 5804051.311572032)",35.01642993897782,OSM:length,1.2,Inferred:highway=footway (typical sidewalk width),-0.04,Inferred:highway=footway (sidewalks typically lowered),0,Default: no crossing indicators found,0,OSM:highway=footway (walk_lane),,,,building_passage,,,,,
743,"(0.5123437034919355, 0.5952506785586917)","(0.5205624138118826, 0.5888147396418556)",139709041,footway,,False,True,10.416687868024017,,10.416687868024017,OSM:length,1.2,Inferred:highway=footway (typical sidewalk width),-0.04,Inferred:highway=footway (sidewalks typically lowered),0,Default: no crossing indicators found,0,OSM:highway=footway (walk_lane),,,,,,,,,
809,"(0.5123437034919355, 0.5952506785586917)","(0.5590895141074003, 0.6299526274229371)",7371010,primary,Valkenburgerstraat,False,True,58.086588148764534,"LINESTRING (629640.5287373068 5803735.887330784, 629643.8773282435 5803738.590845952, 629666.0963401229 5803754.99043512, 629687.2527261617 5803770.605360464)",58.086588148764534,OSM:length,1.0,Default:highway=primary (fallback width),0.04,Inferred:highway=primary (main roads typically raised),0,Default: no crossing indicators found,0,Default:highway=primary (walk_lane fallback),30,,3,,,,,,
812,"(0.4929776472399077, 0.6036515955326047)","(0.5123437034919355, 0.5952506785586917)","[139709041, 744277573]",footway,,False,False,22.65390717505631,"LINESTRING (629640.5287373068 5803735.887330784, 629633.5191191812 5803741.311858522, 629630.7792527982 5803743.432162696, 629627.5415578819 5803745.572749292, 629621.171721468 5803744.292140727)",22.65390717505631,OSM:length,1.2,Inferred:highway=footway (typical sidewalk width),-0.04,Inferred:highway=footway (sidewalks typically lowered),0,Default: no crossing indicators found,0,OSM:highway=footway (walk_lane),,,,,,,,,
759,"(0.006491405485776855, 0.811323389394602)","(0.03231023213253254, 0.8029006432370511)",92036870,footway,Dwars Spinhuissteeg,False,False,27.073310743945108,,27.073310743945108,OSM:length,1.2,Inferred:highway=footway (typical sidewalk width),-0.04,Inferred:highway=footway (sidewalks typically lowered),0,Default: no crossing indicators found,0,OSM:highway=footway (walk_lane),,,,,,,,,
753,"(0.9711296411161442, 0.9480026879457265)","(0.980346715172193, 0.9391243331828746)",1081642539,secondary,Prins Hendrikkade,False,True,12.774980747259026,,12.774980747259026,OSM:length,1.0,Default:highway=secondary (fallback width),0.04,Inferred:highway=secondary (main roads typically raised),0,Default: no crossing indicators found,0,Default:highway=secondary (walk_lane fallback),30,,2,,,,,,S116
940,"(0.9171857491726517, 0.5570489456272663)","(0.9486987456788986, 0.6316217144348576)",374740497,tertiary,Plantage Parklaan,False,True,83.09158807448827,"LINESTRING (630076.6800813415 5803772.275220928, 630078.3177904388 5803766.497927572, 630078.6159431376 5803763.979481288, 630075.5862893834 5803751.790898347, 630045.1817956523 5803697.667895244)",83.09158807448827,OSM:length,1.0,Default:highway=tertiary (fallback width),0.04,Inferred:highway=tertiary (main roads typically raised),0,Default: no crossing indicators found,0,Default:highway=tertiary (walk_lane fallback),30,,1,,,,,,
761,"(0.3894006424268453, 0.49191359102349275)","(0.3916078561041399, 0.49065896765863376)",93480219,footway,Lange Houtgang,False,True,2.5322926249343722,,2.5322926249343722,OSM:length,1.2,Inferred:highway=footway (typical sidewalk width),-0.04,Inferred:highway=footway (sidewalks typically lowered),0,Default: no crossing indicators found,0,OSM:highway=footway (walk_lane),,,,,,,,,
994,"(0.38130024221223446, 0.478841420167401)","(0.3894006424268453, 0.49191359102349275)",113952976,footway,,False,False,15.362100061817403,,15.362100061817403,OSM:length,1.2,Inferred:highway=footway (typical sidewalk width),-0.04,Inferred:highway=footway (sidewalks typically lowered),0,Default: no crossing indicators found,0,OSM:highway=footway (walk_lane),,,,,,,,,
998,"(0.37042326320553165, 0.5041852253744925)","(0.3894006424268453, 0.49191359102349275)",93480219,footway,Lange Houtgang,False,True,22.54522901761314,"LINESTRING (629517.6430682092 5803632.502357044, 629516.5058318313 5803633.262611099, 629503.6490618207 5803641.616291158, 629498.6745479598 5803644.779678047)",22.54522901761314,OSM:length,1.2,Inferred:highway=footway (typical sidewalk width),-0.04,Inferred:highway=footway (sidewalks typically lowered),0,Default: no crossing indicators found,0,OSM:highway=footway (walk_lane),,,,,,,,,
1001,"(0.3894006424268453, 0.49191359102349275)","(0.40534098938408697, 0.516037695151404)",113952976,footway,,False,True,28.88167603323476,"LINESTRING (629517.6430682092 5803632.502357044, 629532.1131550816 5803654.495753437, 629533.5759739341 5803656.637640235)",28.88167603323476,OSM:length,1.2,Inferred:highway=footway (typical sidewalk width),-0.04,Inferred:highway=footway (sidewalks typically lowered),0,Default: no crossing indicators found,0,OSM:highway=footway (walk_lane),,,,,,,,,
1005,"(0.27820148077555107, 0.5640348124618194)","(0.32753040731385746, 0.5325035000780822)",93480219,footway,Lange Houtgang,False,False,58.403117029795425,,58.403117029795425,OSM:length,1.2,Inferred:highway=footway (typical sidewalk width),-0.04,Inferred:highway=footway (sidewalks typically lowered),0,Default: no crossing indicators found,0,OSM:highway=footway (walk_lane),,,,,,,,,
1038,"(0.27820148077555107, 0.5640348124618194)","(0.293728481491554, 0.5883368001472418)",510821741,footway,,False,True,28.807276009360884,"LINESTRING (629406.495816268 5803704.656999316, 629419.4957915989 5803725.053342842, 629419.7978325342 5803725.484188227, 629422.015568709 5803728.970248495)",28.807276009360884,OSM:length,1.2,Inferred:highway=footway (typical sidewalk width),-0.04,Inferred:highway=footway (sidewalks typically lowered),0,Default: no crossing indicators found,0,OSM:highway=footway (walk_lane),,,,,,,,,
1036,"(0.2505382907327655, 0.6166033947874147)","(0.293728481491554, 0.5883368001472418)",1307706063,pedestrian,,False,True,51.49406104587911,,51.49406104587911,OSM:length,1.2,Inferred:highway=pedestrian (typical sidewalk width),-0.04,Inferred:highway=pedestrian (sidewalks typically lowered),0,Default: no crossing indicators found,0,OSM:highway=pedestrian (walk_lane),,,,,,,,,
775,"(0.6634976647822223, 0.646394867675722)","(0.6800374606373379, 0.6570311970676725)",107681770,pedestrian,Februariplein,False,False,19.614584474777164,,19.614584474777164,OSM:length,1.2,Inferred:highway=pedestrian (typical sidewalk width),-0.04,Inferred:highway=pedestrian (sidewalks typically lowered),0,Default: no crossing indicators found,0,OSM:highway=pedestrian (walk_lane),,,,,,,,,
778,"(0.6800374606373379, 0.6570311970676725)","(0.6870549114887059, 0.6467928539760197)",107681770,pedestrian,Februariplein,False,True,12.398877247101138,,12.398877247101138,OSM:length,1.2,Inferred:highway=pedestrian (typical sidewalk width),-0.04,Inferred:highway=pedestrian (sidewalks typically lowered),0,Default: no crossing indicators found,0,OSM:highway=pedestrian (walk_lane),,,,,,,,,
780,"(0.6637687377702828, 0.68209890861939)","(0.6800374606373379, 0.6570311970676725)","[107681777, 107681772, 832870676]","['footway', 'steps']",Februariplein,False,True,29.85506304113886,"LINESTRING (629808.1442120785 5803797.696478265, 629799.9997839925 5803810.502870372, 629797.6225261731 5803814.112819931, 629791.8830837354 5803822.775806146)",29.85506304113886,OSM:length,1.0,"Default:highway=['footway', 'steps'] (fallback width)",-0.04,"Default:highway=['footway', 'steps'] (pedestrian paths default lowered)",0,Default: no crossing indicators found,0,"Default:highway=['footway', 'steps'] (walk_lane fallback)",,,,,,,,,
782,"(0.6634976647822223, 0.646394867675722)","(0.670557947091999, 0.6358239102794372)",107681770,pedestrian,Februariplein,False,False,12.698517642452602,,12.698517642452602,OSM:length,1.2,Inferred:highway=pedestrian (typical sidewalk width),-0.04,Inferred:highway=pedestrian (sidewalks typically lowered),0,Default: no crossing indicators found,0,OSM:highway=pedestrian (walk_lane),,,,,,,,,
806,"(0.6466670351709624, 0.6705467909249301)","(0.6634976647822223, 0.646394867675722)","[845468946, 832870677, 107681767]","['footway', 'steps']",Februariplein,False,True,29.405441621246784,"LINESTRING (629791.6121372889 5803787.055220019, 629783.5296245482 5803798.806000968, 629780.9742066565 5803802.4557786435, 629774.7893645094 5803811.218335222)",29.405441621246784,OSM:length,1.0,"Default:highway=['footway', 'steps'] (fallback width)",-0.04,"Default:highway=['footway', 'steps'] (pedestrian paths default lowered)",0,Default: no crossing indicators found,0,"Default:highway=['footway', 'steps'] (walk_lane fallback)",,,,,,,,,
781,"(0.670557947091999, 0.6358239102794372)","(0.6870549114887059, 0.6467928539760197)",107681766,pedestrian,Februariplein,False,True,19.761346539159884,,19.761346539159884,OSM:length,1.2,Inferred:highway=pedestrian (typical sidewalk width),-0.04,Inferred:highway=pedestrian (sidewalks typically lowered),0,Default: no crossing indicators found,0,OSM:highway=pedestrian (walk_lane),,,,,,,,,
786,"(0.6870549114887059, 0.6467928539760197)","(0.7028189008185675, 0.6238143498419494)",107681770,pedestrian,Februariplein,False,True,27.83556755247429,"LINESTRING (629815.1583870613 5803787.453390745, 629825.3464054074 5803772.5863658665, 629830.9150174857 5803764.464238417)",27.83556755247429,OSM:length,1.2,Inferred:highway=pedestrian (typical sidewalk width),-0.04,Inferred:highway=pedestrian (sidewalks typically lowered),0,Default: no crossing indicators found,0,OSM:highway=pedestrian (walk_lane),,,,,,,,,
788,"(0.7028189008185675, 0.6238143498419494)","(0.7623234580393055, 0.6654175923892526)",113951854,residential,Rapenburgerstraat,False,False,72.43004085550346,,72.43004085550346,OSM:length,1.0,Default:highway=residential (fallback width),-0.04,Default:highway=residential (pedestrian paths default lowered),0,Default: no crossing indicators found,0,Default:highway=residential (walk_lane fallback),30,,,,,,,,
801,"(0.7623234580393055, 0.6654175923892526)","(0.7793272858987205, 0.6773123854222832)",113951854,residential,Rapenburgerstraat,False,False,20.70103631089819,,20.70103631089819,OSM:length,1.0,Default:highway=residential (fallback width),-0.04,Default:highway=residential (pedestrian paths default lowered),0,Default: no crossing indicators found,0,Default:highway=residential (walk_lane fallback),30,,,,,,,,
798,"(0.7458653330448975, 0.690157462041846)","(0.7623234580393055, 0.6654175923892526)",107681768,pedestrian,Koerierstersplein,False,False,29.683005818027013,"LINESTRING (629890.3917969402 5803806.086759826, 629884.9862124909 5803814.224252649, 629873.9413548859 5803830.838093886)",29.683005818027013,OSM:length,1.2,Inferred:highway=pedestrian (typical sidewalk width),-0.04,Inferred:highway=pedestrian (sidewalks typically lowered),0,Default: no crossing indicators found,0,OSM:highway=pedestrian (walk_lane),,,,,,,,,
794,"(0.7401921883964508, 0.6980061174385109)","(0.7568973368061402, 0.709336765212618)",107681768,pedestrian,Koerierstersplein,False,False,20.135473955535026,,20.135473955535026,OSM:length,1.2,Inferred:highway=pedestrian (typical sidewalk width),-0.04,Inferred:highway=pedestrian (sidewalks typically lowered),0,Default: no crossing indicators found,0,OSM:highway=pedestrian (walk_lane),,,,,,,,,
796,"(0.7401921883964508, 0.6980061174385109)","(0.7458653330448975, 0.690157462041846)",107681768,pedestrian,Koerierstersplein,False,True,9.672972664481541,,9.672972664481541,OSM:length,1.2,Inferred:highway=pedestrian (typical sidewalk width),-0.04,Inferred:highway=pedestrian (sidewalks typically lowered),0,Default: no crossing indicators found,0,OSM:highway=pedestrian (walk_lane),,,,,,,,,
799,"(0.7244629956077671, 0.7214748755690421)","(0.7401921883964508, 0.6980061174385109)","[832870675, 107681774, 107681771]","['footway', 'steps']",Koerierstersplein,False,True,28.22852779006874,"LINESTRING (629868.2708585605 5803838.690386334, 629863.3561768485 5803846.039549426, 629859.446174499 5803851.456483564, 629852.5490084336 5803862.170019842)",28.22852779006874,OSM:length,1.0,"Default:highway=['footway', 'steps'] (fallback width)",-0.04,"Default:highway=['footway', 'steps'] (pedestrian paths default lowered)",0,Default: no crossing indicators found,0,"Default:highway=['footway', 'steps'] (walk_lane fallback)",,,,,,,,,
803,"(0.7568973368061402, 0.709336765212618)","(0.7630307402380299, 0.7005769667945873)",107681768,pedestrian,Koerierstersplein,False,False,10.681570731829208,,10.681570731829208,OSM:length,1.2,Inferred:highway=pedestrian (typical sidewalk width),-0.04,Inferred:highway=pedestrian (sidewalks typically lowered),0,Default: no crossing indicators found,0,OSM:highway=pedestrian (walk_lane),,,,,,,,,
807,"(0.7413850923562366, 0.7325887095115868)","(0.7568973368061402, 0.709336765212618)","[107681769, 832870674, 107681775]","['footway', 'steps']",Koerierstersplein,False,True,27.922527848118477,"LINESTRING (629884.9682087152 5803850.026284709, 629879.5384405192 5803858.307822838, 629876.3679096147 5803863.06537206, 629869.4632056518 5803873.289003913)",27.922527848118477,OSM:length,1.0,"Default:highway=['footway', 'steps'] (fallback width)",-0.04,"Default:highway=['footway', 'steps'] (pedestrian paths default lowered)",0,Default: no crossing indicators found,0,"Default:highway=['footway', 'steps'] (walk_lane fallback)",,,,,,,,,
804,"(0.7458653330448975, 0.690157462041846)","(0.7630307402380299, 0.7005769667945873)",107681773,pedestrian,Koerierstersplein,False,True,20.027618716407254,,20.027618716407254,OSM:length,1.2,Inferred:highway=pedestrian (typical sidewalk width),-0.04,Inferred:highway=pedestrian (sidewalks typically lowered),0,Default: no crossing indicators found,0,OSM:highway=pedestrian (walk_lane),,,,,,,,,
805,"(0.7630307402380299, 0.7005769667945873)","(0.7793272858987205, 0.6773123854222832)",107681768,pedestrian,Koerierstersplein,False,True,28.372621096018534,"LINESTRING (629907.3876871159 5803817.987064883, 629901.8378963608 5803825.909281139, 629891.0987489673 5803841.262427017)",28.372621096018534,OSM:length,1.2,Inferred:highway=pedestrian (typical sidewalk width),-0.04,Inferred:highway=pedestrian (sidewalks typically lowered),0,Default: no crossing indicators found,0,OSM:highway=pedestrian (walk_lane),,,,,,,,,
865,"(0.5590895141074003, 0.6299526274229371)","(0.5712473431308197, 0.6372250665809007)",7371010,primary,Valkenburgerstraat,False,True,14.129494649502908,,14.129494649502908,OSM:length,1.0,Default:highway=primary (fallback width),0.04,Inferred:highway=primary (main roads typically raised),0,Default: no crossing indicators found,0,Default:highway=primary (walk_lane fallback),30,,3,,,,,,
866,"(0.5020419245216, 0.6507330845448831)","(0.5590895141074003, 0.6299526274229371)",148003718,service,,False,False,67.30663685568925,"LINESTRING (629687.2527261617 5803770.605360464, 629679.5281692285 5803775.499051728, 629643.1621224153 5803798.869671485, 629641.5253228871 5803798.681894854, 629630.2317673868 5803791.3954472095)",67.30663685568925,OSM:length,1.0,Default:highway=service (fallback width),-0.04,Default:highway=service (pedestrian paths default lowered),0,Default: no crossing indicators found,0,Default:highway=service (walk_lane fallback),,,,,,,,,
822,"(0.44880230910254293, 0.5419755076390345)","(0.4929776472399077, 0.6036515955326047)","[744277573, 744277574, 884292021]",footway,,False,False,81.48876226196519,"LINESTRING (629621.171721468 5803744.292140727, 629613.9883482561 5803745.449662919, 629612.1995589852 5803742.753841039, 629611.5233338957 5803741.011024672, 629608.5260782829 5803736.346924064, 629605.6250808304 5803732.942951162, 629603.8997487252 5803730.682839205, 629602.2740199051 5803724.897415139, 629602.7161915158 5803719.745137148, 629578.1985573699 5803684.543905619, 629577.0170051497 5803682.587472254)",81.48876226196519,OSM:length,1.2,Inferred:highway=footway (typical sidewalk width),-0.04,Inferred:highway=footway (sidewalks typically lowered),0,Default: no crossing indicators found,0,OSM:highway=footway (walk_lane),,,,,,,,,
931,"(0.40863643108426695, 0.6592898040372619)","(0.4929776472399077, 0.6036515955326047)","[870896292, 870896293, 870896294]",footway,,False,False,100.94079454807071,"LINESTRING (629621.171721468 5803744.292140727, 629617.1742239344 5803748.382588075, 629542.4749462819 5803796.642441311, 629536.8698772646 5803799.956131869)",100.94079454807071,OSM:length,1.2,Inferred:highway=footway (typical sidewalk width),-0.04,Inferred:highway=footway (sidewalks typically lowered),0,Default: no crossing indicators found,0,OSM:highway=footway (walk_lane),,,,,,,,,
928,"(0.5453504806295126, 0.507883611360591)","(0.5728264504377224, 0.5258932831333981)",113952977,footway,Meester Visserplein,False,False,33.73810746522316,"LINESTRING (629673.5201063046 5803648.479777858, 629699.3603021522 5803667.334246898, 629700.9832498503 5803666.497795277)",33.73810746522316,OSM:length,1.2,Inferred:highway=footway (typical sidewalk width),-0.04,Inferred:highway=footway (sidewalks typically lowered),0,Default: no crossing indicators found,0,OSM:highway=footway (walk_lane),,,,,,,,,
933,"(0.5453504806295126, 0.507883611360591)","(0.5505045137013722, 0.5217907121942268)","[451443672, 312901774]","['footway', 'steps']",Meester Visserplein,False,False,17.06911201996673,"LINESTRING (629673.5201063046 5803648.479777858, 629671.5667158474 5803650.999164931, 629672.3816299931 5803655.494538705, 629678.6717333838 5803662.393323215)",17.06911201996673,OSM:length,1.0,"Default:highway=['footway', 'steps'] (fallback width)",-0.04,"Default:highway=['footway', 'steps'] (pedestrian paths default lowered)",0,Default: no crossing indicators found,0,"Default:highway=['footway', 'steps'] (walk_lane fallback)",,,,,,,,,
835,"(0.48380020701101834, 0.5163651085082474)","(0.5155892910354669, 0.48839011913761476)","[416398523, 7370989]",primary,"['Meester Visserplein', 'Jonas Daniël Meijerplein']",False,False,42.286384658622985,"LINESTRING (629643.7728097534 5803628.977252388, 629639.7666412019 5803633.134231781, 629611.9985654284 5803656.965205315)",42.286384658622985,OSM:length,1.0,Default:highway=primary (fallback width),0.04,Inferred:highway=primary (main roads typically raised),0,Default: no crossing indicators found,0,Default:highway=primary (walk_lane fallback),50,,3,,,,,,
824,"(0.44880230910254293, 0.5419755076390345)","(0.45240853249525964, 0.528232100644038)","[191606501, 888812486]",footway,,False,True,14.20752166119076,"LINESTRING (629577.0170051497 5803682.587472254, 629577.4149806546 5803681.18454629, 629577.8394494414 5803679.292635939, 629578.522088754 5803676.650739087, 629579.5695450617 5803672.57165648, 629580.244283607 5803670.230038347, 629580.6215450944 5803668.837696591)",14.20752166119076,OSM:length,1.2,Inferred:highway=footway (typical sidewalk width),-0.04,Inferred:highway=footway (sidewalks typically lowered),0,Default: no crossing indicators found,0,OSM:highway=footway (walk_lane),,,,,,,,,
859,"(0.4279938556846171, 0.5114604820003477)","(0.45240853249525964, 0.528232100644038)",773858764,busway,Waterlooplein,False,True,30.005418737505288,"LINESTRING (629580.6215450944 5803668.837696591, 629576.0273713216 5803667.125328984, 629569.8700488255 5803664.236660807, 629565.0746876802 5803660.849640643, 629560.587560284 5803656.880892246, 629556.2182654812 5803652.058306012)",30.005418737505288,OSM:length,1.0,Default:highway=busway (fallback width),-0.04,Default:highway=busway (pedestrian paths default lowered),0,Default: no crossing indicators found,0,Default:highway=busway (walk_lane fallback),50,,2,,,,,,
831,"(0.3991809689194332, 0.4668079767619766)","(0.4090063669860565, 0.459924622025405)",451443670,footway,,False,True,11.969222477804212,"LINESTRING (629537.2396404739 5803600.49856442, 629533.8388840444 5803602.879765176, 629528.6131680278 5803606.526197102, 629527.4188290746 5803607.38510889)",11.969222477804212,OSM:length,1.2,Inferred:highway=footway (typical sidewalk width),-0.04,Inferred:highway=footway (sidewalks typically lowered),0,Default: no crossing indicators found,0,OSM:highway=footway (walk_lane),,,,,,,,,
996,"(0.38130024221223446, 0.478841420167401)","(0.3991809689194332, 0.4668079767619766)",451443670,footway,,False,True,21.50568688978148,"LINESTRING (629527.4188290746 5803607.38510889, 629526.3425628227 5803608.158093926, 629522.733488771 5803610.689629753, 629520.4291412355 5803612.309512447, 629511.2850293274 5803618.334686867, 629509.5464494028 5803619.42412857)",21.50568688978148,OSM:length,1.2,Inferred:highway=footway (typical sidewalk width),-0.04,Inferred:highway=footway (sidewalks typically lowered),0,Default: no crossing indicators found,0,OSM:highway=footway (walk_lane),,,,,,,,,
860,"(0.3991809689194332, 0.4668079767619766)","(0.4279938556846171, 0.5114604820003477)",773858764,busway,Waterlooplein,False,False,53.10067796167311,"LINESTRING (629527.4188290746 5803607.38510889, 629548.4784534627 5803640.959250742, 629553.1761112759 5803648.060810356, 629556.2182654812 5803652.058306012)",53.10067796167311,OSM:length,1.0,Default:highway=busway (fallback width),-0.04,Default:highway=busway (pedestrian paths default lowered),0,Default: no crossing indicators found,0,Default:highway=busway (walk_lane fallback),50,,2,,,,,,
840,"(0.7464726798681182, 0.44282017016405323)","(0.7487078391156904, 0.4278616712719901)",130466850,footway,,False,False,15.12285656861104,,15.12285656861104,OSM:length,1.2,Inferred:highway=footway (typical sidewalk width),-0.04,Inferred:highway=footway (sidewalks typically lowered),0,Default: no crossing indicators found,0,OSM:highway=footway (walk_lane),,,,,,,,,
842,"(0.7464726798681182, 0.44282017016405323)","(0.7608947640594533, 0.44565863679021)",976110215,footway,,False,False,14.64900089949303,,14.64900089949303,OSM:length,1.2,Inferred:highway=footway (typical sidewalk width),-0.04,Inferred:highway=footway (sidewalks typically lowered),0,Default: no crossing indicators found,0,OSM:highway=footway (walk_lane),,,,,,,,,
846,"(0.720817916981492, 0.44748371770531103)","(0.7464726798681182, 0.44282017016405323)",976110215,footway,,False,True,26.171278770923998,"LINESTRING (629874.548418189 5803583.386186389, 629862.8736457599 5803584.346991321, 629858.0911767278 5803584.866353974, 629848.9056313937 5803588.051895009)",26.171278770923998,OSM:length,1.2,Inferred:highway=footway (typical sidewalk width),-0.04,Inferred:highway=footway (sidewalks typically lowered),0,Default: no crossing indicators found,0,OSM:highway=footway (walk_lane),,,,,,,,,
849,"(0.7484500730347501, 0.42729867876170635)","(0.7487078391156904, 0.4278616712719901)",130466850,footway,,False,False,0.6187619384443142,,0.6187619384443142,OSM:length,1.2,Inferred:highway=footway (typical sidewalk width),-0.04,Inferred:highway=footway (sidewalks typically lowered),0,Default: no crossing indicators found,0,OSM:highway=footway (walk_lane),,,,,,,,,
921,"(0.7487078391156904, 0.4278616712719901)","(0.7599497913711565, 0.4442766047362067)",1135939017,footway,,False,False,19.871377027816163,,19.871377027816163,OSM:length,1.2,Inferred:highway=footway (typical sidewalk width),-0.04,Inferred:highway=footway (sidewalks typically lowered),0,Default: no crossing indicators found,0,OSM:highway=footway (walk_lane),,,,,,,,,
922,"(0.7599497913711565, 0.4442766047362067)","(0.7608947640594533, 0.44565863679021)",1363587518,footway,,False,True,1.6721848342700092,,1.6721848342700092,OSM:length,1.2,Inferred:highway=footway (typical sidewalk width),-0.04,Inferred:highway=footway (sidewalks typically lowered),0,Default: no crossing indicators found,0,OSM:highway=footway (walk_lane),,,,,,,,,
1087,"(0.7608947640594533, 0.44565863679021)","(0.7890518054668426, 0.46006105244011186)",976110215,footway,,False,False,31.662155682068345,"LINESTRING (629888.9637698997 5803586.225968355, 629894.1343665255 5803589.845791133, 629898.7518788169 5803592.738762783, 629908.1478053677 5803596.81507459, 629917.1076671085 5803600.635058057)",31.662155682068345,OSM:length,1.2,Inferred:highway=footway (typical sidewalk width),-0.04,Inferred:highway=footway (sidewalks typically lowered),0,Default: no crossing indicators found,0,OSM:highway=footway (walk_lane),,,,,,,,,
852,"(0.720817916981492, 0.44748371770531103)","(0.7371050839033533, 0.4715847183088666)",1411427324,footway,,False,False,29.07946796082905,"LINESTRING (629848.9056313937 5803588.051895009, 629853.0078661098 5803593.435293624, 629856.5238048678 5803599.092592009, 629858.4904656108 5803602.015779276, 629862.3073380463 5803607.369402578, 629865.1851951816 5803612.16406397)",29.07946796082905,OSM:length,1.2,Inferred:highway=footway (typical sidewalk width),-0.04,Inferred:highway=footway (sidewalks typically lowered),0,Default: no crossing indicators found,0,OSM:highway=footway (walk_lane),,,,,,,,,
885,"(0.7371050839033533, 0.4715847183088666)","(0.753729165998753, 0.47104387386644914)",976110209,footway,,False,True,16.706603788328778,"LINESTRING (629865.1851951816 5803612.16406397, 629867.1965877416 5803611.582751524, 629873.4192830975 5803610.956706748, 629881.8015168653 5803611.622968901)",16.706603788328778,OSM:length,1.2,Inferred:highway=footway (typical sidewalk width),-0.04,Inferred:highway=footway (sidewalks typically lowered),0,Default: no crossing indicators found,0,OSM:highway=footway (walk_lane),,,,,,,,,
857,"(0.4279938556846171, 0.5114604820003477)","(0.43449201700652035, 0.5066922627326184)",598007455,service,Waterlooplein,False,True,8.042306809800685,"LINESTRING (629562.7133933479 5803647.287877161, 629557.3149506729 5803651.285864908, 629556.2182654812 5803652.058306012)",8.042306809800685,OSM:length,1.0,Default:highway=service (fallback width),-0.04,Default:highway=service (pedestrian paths default lowered),0,Default: no crossing indicators found,0,Default:highway=service (walk_lane fallback),,,,,,,,,
1062,"(0.7996056977471101, 0.7762944519773352)","(0.8183157416947351, 0.7501568922534511)","[860006696, 860006708]",tertiary,Anne Frankstraat,False,False,32.17048810131338,"LINESTRING (629927.6566326476 5803917.014999535, 629931.0038238367 5803912.017302667, 629933.9758407851 5803908.846019075, 629936.3420636816 5803905.914720297, 629940.1325731542 5803900.639370409, 629946.35794242 5803890.865327717)",32.17048810131338,OSM:length,1.0,Default:highway=tertiary (fallback width),0.04,Inferred:highway=tertiary (main roads typically raised),0,Default: no crossing indicators found,0,Default:highway=tertiary (walk_lane fallback),30,,,,,,,,
925,"(0.25664160919906176, 0.3404891133936614)","(0.2659507932300132, 0.3394987404990608)",27344626,tertiary,Blauwbrug,False,True,9.38067215243978,"LINESTRING (629384.946009216 5803481.007709607, 629390.5470410162 5803479.930681575, 629394.2508475573 5803480.016877775)",9.38067215243978,OSM:length,1.0,Default:highway=tertiary (fallback width),0.04,Inferred:highway=tertiary (main roads typically raised),0,Default: no crossing indicators found,0,Default:highway=tertiary (walk_lane fallback),30,,,,,,,,
924,"(0.25815154588026257, 0.34734773325162804)","(0.2659507932300132, 0.3394987404990608)",35318133,footway,,False,False,11.046298373972366,,11.046298373972366,OSM:length,1.2,Inferred:highway=footway (typical sidewalk width),-0.04,Inferred:highway=footway (sidewalks typically lowered),0,Default: no crossing indicators found,0,OSM:highway=footway (walk_lane),,,,,,,,,
877,"(0.8657578069051725, 0.4862894777723111)","(0.8700583091415395, 0.457925440237568)","[374740504, 773832650]",tertiary,"['Plantage Parklaan', 'Plantage Middenlaan']",False,True,31.421215390949655,"LINESTRING (629998.076355533 5803598.4984562155, 629994.4059124128 5803601.795949413, 629992.7897335414 5803604.179440042, 629991.9359713923 5803606.327088011, 629990.8828752058 5803610.606273508, 629990.4519838295 5803615.057693468, 629990.3400307584 5803617.492025197, 629990.4440733934 5803618.19590932, 629992.0220001873 5803622.4221327035, 629993.7778608461 5803626.87563759)",31.421215390949655,OSM:length,1.0,Default:highway=tertiary (fallback width),0.04,Inferred:highway=tertiary (main roads typically raised),0,Default: no crossing indicators found,0,Default:highway=tertiary (walk_lane fallback),30,,,,,,,,
880,"(0.8700583091415395, 0.457925440237568)","(0.8741750321070204, 0.4703038116330798)",627159613,residential,Plantage Parklaan,False,False,13.071264854883186,"LINESTRING (629998.076355533 5803598.4984562155, 629998.6475463847 5803599.570807074, 629999.6967827623 5803602.147087337, 630000.1742409836 5803603.673259552, 630002.1911567403 5803610.882563724)",13.071264854883186,OSM:length,1.0,Default:highway=residential (fallback width),-0.04,Default:highway=residential (pedestrian paths default lowered),0,Default: no crossing indicators found,0,Default:highway=residential (walk_lane fallback),30,,,,,,,,
945,"(0.8657578069051725, 0.4862894777723111)","(0.9372955094093341, 0.6177383217170713)","[773832650, 374740498, 1240744850]",tertiary,Plantage Parklaan,False,True,149.72270874603674,"LINESTRING (629993.7778608461 5803626.87563759, 630000.2441583631 5803637.407609309, 630024.2419099213 5803683.426006741, 630032.3252821091 5803696.693989519, 630041.2337322844 5803712.510100679, 630057.7602199742 5803740.891962689, 630062.968235963 5803751.079177151, 630065.2821683018 5803758.385394673)",149.72270874603674,OSM:length,1.0,Default:highway=tertiary (fallback width),0.04,Inferred:highway=tertiary (main roads typically raised),0,Default: no crossing indicators found,0,Default:highway=tertiary (walk_lane fallback),30,,1,,,,,,
937,"(0.8657578069051725, 0.4862894777723111)","(0.8754405669277391, 0.48096062480557833)",889255256,footway,,False,False,11.023162651171276,"LINESTRING (629993.7778608461 5803626.87563759, 629997.690646687 5803624.719717689, 629998.568736698 5803624.230958765, 630003.4561007873 5803621.544315243)",11.023162651171276,OSM:length,1.2,Inferred:highway=footway (typical sidewalk width),-0.04,Inferred:highway=footway (sidewalks typically lowered),0,Default: no crossing indicators found,0,OSM:highway=footway (walk_lane),,,,,,,,,
918,"(0.5322360199466364, 0.33053382827841066)","(0.540002685051252, 0.3304044324074406)",442418423,footway,,False,False,7.740679280351678,,7.740679280351678,OSM:length,1.2,Inferred:highway=footway (typical sidewalk width),-0.04,Inferred:highway=footway (sidewalks typically lowered),0,Default: no crossing indicators found,0,OSM:highway=footway (walk_lane),,,,,,,,,
915,"(0.5322360199466364, 0.33053382827841066)","(0.5434885205377309, 0.29796963089405565)",303990002,footway,,False,True,34.4844440028251,"LINESTRING (629660.4117676809 5803471.047811232, 629665.8753767326 5803457.858978958, 629671.6590154083 5803438.468523662)",34.4844440028251,OSM:length,1.2,Inferred:highway=footway (typical sidewalk width),-0.04,Inferred:highway=footway (sidewalks typically lowered),0,Default: no crossing indicators found,0,OSM:highway=footway (walk_lane),,,,,,,,,
896,"(0.5250297300295765, 0.2915549550365807)","(0.5299437639275012, 0.2757880609078913)",303990003,footway,,False,True,16.509593639050543,,16.509593639050543,OSM:length,1.2,Inferred:highway=footway (typical sidewalk width),-0.04,Inferred:highway=footway (sidewalks typically lowered),0,Default: no crossing indicators found,0,OSM:highway=footway (walk_lane),,,,,,,,,
1013,"(0.5141865417961997, 0.28789917094654116)","(0.5250297300295765, 0.2915549550365807)",1115069256,footway,,False,True,11.406531276176914,,11.406531276176914,OSM:length,1.2,Inferred:highway=footway (typical sidewalk width),-0.04,Inferred:highway=footway (sidewalks typically lowered),0,Default: no crossing indicators found,0,OSM:highway=footway (walk_lane),,,,,,,,,
1017,"(0.5250297300295765, 0.2915549550365807)","(0.5345517549673897, 0.2949090320193872)",1115069256,footway,,False,False,10.40882129847032,"LINESTRING (629653.2088417858 5803432.050875256, 629653.7739053434 5803433.100762312, 629662.7264216761 5803435.406506511)",10.40882129847032,OSM:length,1.2,Inferred:highway=footway (typical sidewalk width),-0.04,Inferred:highway=footway (sidewalks typically lowered),0,Default: no crossing indicators found,0,OSM:highway=footway (walk_lane),,,,,,,,,
899,"(0.5073468742036359, 0.2681077074437675)","(0.5299437639275012, 0.2757880609078913)",442421200,footway,,False,False,23.790751276408567,,23.790751276408567,OSM:length,1.2,Inferred:highway=footway (typical sidewalk width),-0.04,Inferred:highway=footway (sidewalks typically lowered),0,Default: no crossing indicators found,0,OSM:highway=footway (walk_lane),,,,,,,,,
904,"(0.5299437639275012, 0.2757880609078913)","(0.5502302762880372, 0.2829405267352029)",442421200,footway,,False,True,21.442738640390324,,21.442738640390324,OSM:length,1.2,Inferred:highway=footway (typical sidewalk width),-0.04,Inferred:highway=footway (sidewalks typically lowered),0,Default: no crossing indicators found,0,OSM:highway=footway (walk_lane),,,,,,,,,
950,"(0.5073468742036359, 0.2681077074437675)","(0.5124055201014427, 0.2538352137943029)",1115069255,footway,,False,False,15.136435764630509,,15.136435764630509,OSM:length,1.2,Inferred:highway=footway (typical sidewalk width),-0.04,Inferred:highway=footway (sidewalks typically lowered),0,Default: no crossing indicators found,0,OSM:highway=footway (walk_lane),,,,,,,,,
954,"(0.5041936901705434, 0.27861479756950575)","(0.5073468742036359, 0.2681077074437675)",1115069255,footway,,False,True,10.966698464374824,,10.966698464374824,OSM:length,1.2,Inferred:highway=footway (typical sidewalk width),-0.04,Inferred:highway=footway (sidewalks typically lowered),0,Default: no crossing indicators found,0,OSM:highway=footway (walk_lane),,,,,,,,,
907,"(0.47988756310985176, 0.25819716663995645)","(0.5073468742036359, 0.2681077074437675)","[442421200, 399505187]",footway,Neerlandiaplein,False,False,29.108153880511182,"LINESTRING (629635.5342406257 5803408.592762254, 629618.9850438724 5803402.9375580605, 629608.0877480177 5803398.677628925)",29.108153880511182,OSM:length,1.2,Inferred:highway=footway (typical sidewalk width),-0.04,Inferred:highway=footway (sidewalks typically lowered),0,Default: no crossing indicators found,0,OSM:highway=footway (walk_lane),,,,,,,,,
913,"(0.5434885205377309, 0.29796963089405565)","(0.5502302762880372, 0.2829405267352029)",303990002,footway,,False,False,16.46237374152429,,16.46237374152429,OSM:length,1.2,Inferred:highway=footway (typical sidewalk width),-0.04,Inferred:highway=footway (sidewalks typically lowered),0,Default: no crossing indicators found,0,OSM:highway=footway (walk_lane),,,,,,,,,
916,"(0.5502302762880372, 0.2829405267352029)","(0.5549759856598175, 0.284422514888017)","[442421200, 984887954]","['footway', 'steps']",,False,True,4.95571783576656,"LINESTRING (629678.3976239893 5803423.432455045, 629679.5260689381 5803423.784917256, 629683.141117981 5803424.915129948)",4.95571783576656,OSM:length,1.0,"Default:highway=['footway', 'steps'] (fallback width)",-0.04,"Default:highway=['footway', 'steps'] (pedestrian paths default lowered)",0,Default: no crossing indicators found,0,"Default:highway=['footway', 'steps'] (walk_lane fallback)",,,,,,,,,
909,"(0.4707659491409111, 0.28621219872196735)","(0.47988756310985176, 0.25819716663995645)",399505189,pedestrian,Neerlandiaplein,False,True,29.452417240084586,,29.452417240084586,OSM:length,1.2,Inferred:highway=pedestrian (typical sidewalk width),-0.04,Inferred:highway=pedestrian (sidewalks typically lowered),0,Default: no crossing indicators found,0,OSM:highway=pedestrian (walk_lane),,,,,,,,,
912,"(0.47988756310985176, 0.25819716663995645)","(0.49703015259880595, 0.20566449741177714)",399505189,pedestrian,Neerlandiaplein,False,False,55.24043109099445,"LINESTRING (629608.0877480177 5803398.677628925, 629623.6436138191 5803350.708775636, 629625.2223350466 5803346.12061616)",55.24043109099445,OSM:length,1.2,Inferred:highway=pedestrian (typical sidewalk width),-0.04,Inferred:highway=pedestrian (sidewalks typically lowered),0,Default: no crossing indicators found,0,OSM:highway=pedestrian (walk_lane),,,,,,,,,
1015,"(0.5345517549673897, 0.2949090320193872)","(0.5434885205377309, 0.29796963089405565)",1115069254,footway,,False,True,9.41640724976418,,9.41640724976418,OSM:length,1.2,Inferred:highway=footway (typical sidewalk width),-0.04,Inferred:highway=footway (sidewalks typically lowered),0,Default: no crossing indicators found,0,OSM:highway=footway (walk_lane),,,,,,,,,
919,"(0.540002685051252, 0.3304044324074406)","(0.5684621169366206, 0.3264033009738599)","[984814938, 442418421, 442418423]","['footway', 'steps']",,False,"[False, True]",31.140631797783268,"LINESTRING (629696.6209536963 5803466.915369849, 629684.3493118342 5803462.852776465, 629675.2515163794 5803465.807244346, 629670.7932413449 5803469.017450919, 629668.1748071706 5803470.918355399)",31.140631797783268,OSM:length,1.0,"Default:highway=['footway', 'steps'] (fallback width)",-0.04,"Default:highway=['footway', 'steps'] (pedestrian paths default lowered)",0,Default: no crossing indicators found,0,"Default:highway=['footway', 'steps'] (walk_lane fallback)",,,,,,,,,
1106,"(0.540002685051252, 0.3304044324074406)","(0.5685691221810553, 0.34070043124263955)","[1312599577, 1312599579]",footway,,False,False,30.30521648629575,"LINESTRING (629668.1748071706 5803470.918355399, 629680.293736493 5803475.08817844, 629681.9104337753 5803476.043344212, 629696.7279089888 5803481.21912538)",30.30521648629575,OSM:length,1.2,Inferred:highway=footway (typical sidewalk width),-0.04,Inferred:highway=footway (sidewalks typically lowered),0,Default: no crossing indicators found,0,OSM:highway=footway (walk_lane),,,,yes,,,,,
1126,"(0.7599497913711565, 0.4442766047362067)","(0.7737464706018975, 0.44214844669243386)",1135939017,footway,,False,False,14.27205433544927,"LINESTRING (629888.0192383411 5803584.84329587, 629892.2860120741 5803582.696630746, 629898.9202696574 5803582.482122956, 629901.8094770411 5803582.714151642)",14.27205433544927,OSM:length,1.2,Inferred:highway=footway (typical sidewalk width),-0.04,Inferred:highway=footway (sidewalks typically lowered),0,Default: no crossing indicators found,0,OSM:highway=footway (walk_lane),,,,,,,,,
938,"(0.8754405669277391, 0.48096062480557833)","(0.9171857491726517, 0.5570489456272663)",610234788,tertiary,Plantage Parklaan,False,False,86.70894483849109,,86.70894483849109,OSM:length,1.0,Default:highway=tertiary (fallback width),0.04,Inferred:highway=tertiary (main roads typically raised),0,Default: no crossing indicators found,0,Default:highway=tertiary (walk_lane fallback),30,,,,,,,,
943,"(0.8754405669277391, 0.48096062480557833)","(0.8806002520510571, 0.4781154934331454)",889255256,footway,,False,False,5.876618188286606,"LINESTRING (630003.4561007873 5803621.544315243, 630005.3019585909 5803620.524650581, 630008.6133772795 5803618.697865442)",5.876618188286606,OSM:length,1.2,Inferred:highway=footway (typical sidewalk width),-0.04,Inferred:highway=footway (sidewalks typically lowered),0,Default: no crossing indicators found,0,OSM:highway=footway (walk_lane),,,,,,,,,
948,"(0.9171857491726517, 0.5570489456272663)","(0.9218529108532207, 0.5555591173607419)",1135939016,residential,Henri Polaklaan,False,False,4.883835401477917,,4.883835401477917,OSM:length,1.0,Default:highway=residential (fallback width),-0.04,Default:highway=residential (pedestrian paths default lowered),0,Default: no crossing indicators found,0,Default:highway=residential (walk_lane fallback),30,,,,,,,,
947,"(0.8806002520510571, 0.4781154934331454)","(0.9218529108532207, 0.5555591173607419)",889255255,footway,,False,True,87.66926697660196,,87.66926697660196,OSM:length,1.2,Inferred:highway=footway (typical sidewalk width),-0.04,Inferred:highway=footway (sidewalks typically lowered),0,Default: no crossing indicators found,0,OSM:highway=footway (walk_lane),,,,,,,,,
952,"(0.5124055201014427, 0.2538352137943029)","(0.5566526751016821, 0.25675680212918645)",1115069255,footway,,False,True,54.005421221721186,"LINESTRING (629684.817024715 5803397.236596952, 629668.2914085309 5803392.238466347, 629644.0240330754 5803383.708956758, 629640.5905250593 5803394.313654759)",54.005421221721186,OSM:length,1.2,Inferred:highway=footway (typical sidewalk width),-0.04,Inferred:highway=footway (sidewalks typically lowered),0,Default: no crossing indicators found,0,OSM:highway=footway (walk_lane),,,,,,,,,
1085,"(0.5111861911198952, 0.21552555235675322)","(0.5124055201014427, 0.2538352137943029)",920463129,footway,,False,True,48.74897740494603,"LINESTRING (629640.5905250593 5803394.313654759, 629630.659241318 5803390.62443508, 629635.7192542666 5803374.90976359, 629633.0160743676 5803373.558751876, 629639.3717652818 5803355.986240699)",48.74897740494603,OSM:length,1.2,Inferred:highway=footway (typical sidewalk width),-0.04,Inferred:highway=footway (sidewalks typically lowered),0,Default: no crossing indicators found,0,OSM:highway=footway (walk_lane),,,,,,,,,
1023,"(0.5010476222158485, 0.2891109525265404)","(0.5041936901705434, 0.27861479756950575)",1115069248,footway,,False,True,10.954190207584302,,10.954190207584302,OSM:length,1.2,Inferred:highway=footway (typical sidewalk width),-0.04,Inferred:highway=footway (sidewalks typically lowered),0,Default: no crossing indicators found,0,OSM:highway=footway (walk_lane),,,,,,,,,
1094,"(0.49372035193918085, 0.28109809628413596)","(0.5041936901705434, 0.27861479756950575)",1115069248,footway,,False,False,11.674561097478259,"LINESTRING (629632.382528554 5803419.104721345, 629629.5686181863 5803418.596609123, 629626.7838449467 5803418.534430631, 629623.9685504606 5803419.372909578, 629622.4131078367 5803420.489394171, 629621.9140794597 5803421.589170815)",11.674561097478259,OSM:length,1.2,Inferred:highway=footway (typical sidewalk width),-0.04,Inferred:highway=footway (sidewalks typically lowered),0,Default: no crossing indicators found,0,OSM:highway=footway (walk_lane),,,,,,,,,
1097,"(0.5041936901705434, 0.27861479756950575)","(0.5113836263894809, 0.2869244049595775)",1115069249,footway,,False,False,11.899685567033988,"LINESTRING (629632.382528554 5803419.104721345, 629634.9488628072 5803420.218419592, 629637.8206811902 5803422.408557849, 629639.1944414505 5803424.570387813, 629639.7220291244 5803426.008805972, 629639.5691083851 5803427.418179391)",11.899685567033988,OSM:length,1.2,Inferred:highway=footway (typical sidewalk width),-0.04,Inferred:highway=footway (sidewalks typically lowered),0,Default: no crossing indicators found,0,OSM:highway=footway (walk_lane),,,,,,,,,
1048,"(0.05068005166351202, 0.32783388358772686)","(0.061530849300253335, 0.3283518899633782)",773850524,busway,Rembrandtplein,False,False,10.825305618761702,,10.825305618761702,OSM:length,1.0,Default:highway=busway (fallback width),-0.04,Default:highway=busway (pedestrian paths default lowered),0,Default: no crossing indicators found,0,Default:highway=busway (walk_lane fallback),50,,2,,,,,,
982,"(0.05068005166351202, 0.32783388358772686)","(0.05146098573364231, 0.3185992405876492)",451087478,footway,,False,False,9.266970557115496,"LINESTRING (629179.0805981315 5803468.346615392, 629179.2199645457 5803466.669779493, 629179.3092446739 5803465.603729381, 629179.7226762479 5803460.75116465, 629179.861167648 5803459.107693076)",9.266970557115496,OSM:length,1.2,Inferred:highway=footway (typical sidewalk width),-0.04,Inferred:highway=footway (sidewalks typically lowered),0,Default: no crossing indicators found,0,OSM:highway=footway (walk_lane),,,,,,,,,
1043,"(0.08038468941868238, 0.33375176856409483)","(0.0813137524926511, 0.328481131706692)",773856010,pedestrian,Rembrandtplein,False,False,5.544452707067494,"LINESTRING (629208.7713692432 5803474.2672427045, 629208.6871627788 5803470.725982865, 629209.6999986143 5803468.994163444)",5.544452707067494,OSM:length,1.2,Inferred:highway=pedestrian (typical sidewalk width),-0.04,Inferred:highway=pedestrian (sidewalks typically lowered),0,Default: no crossing indicators found,0,OSM:highway=pedestrian (walk_lane),,,,,,,,,
970,"(0.40894943964365327, 0.23507441367840468)","(0.450180668735649, 0.24899524844610044)",441790089,footway,,False,False,43.37967515715836,,43.37967515715836,OSM:length,1.2,Inferred:highway=footway (typical sidewalk width),-0.04,Inferred:highway=footway (sidewalks typically lowered),0,Default: no crossing indicators found,0,OSM:highway=footway (walk_lane),,,,,,,,permissive,
971,"(0.450180668735649, 0.24899524844610044)","(0.452200540224118, 0.2496824166771419)",441790089,footway,,False,False,2.1267955670132497,,2.1267955670132497,OSM:length,1.2,Inferred:highway=footway (typical sidewalk width),-0.04,Inferred:highway=footway (sidewalks typically lowered),0,Default: no crossing indicators found,0,OSM:highway=footway (walk_lane),,,,,,,,permissive,
975,"(0.35577902344139445, 0.43961519522117765)","(0.36258067368802244, 0.4608626795745428)","[450671347, 450671348]","['footway', 'steps']",Metrostation Waterlooplein,False,"[False, True]",27.265298770437205,"LINESTRING (629490.8356195 5803601.437056663, 629481.8150303215 5803587.221669355, 629481.4818709266 5803586.678710941, 629480.8410283623 5803585.660238811, 629479.2232580526 5803583.191550832, 629484.0371443825 5803580.179726267)",27.265298770437205,OSM:length,1.0,"Default:highway=['footway', 'steps'] (fallback width)",-0.04,"Default:highway=['footway', 'steps'] (pedestrian paths default lowered)",0,Default: no crossing indicators found,0,"Default:highway=['footway', 'steps'] (walk_lane fallback)",,,,,,,,,
976,"(0.35577902344139445, 0.43961519522117765)","(0.3574775567247107, 0.43852517541583175)",450671348,footway,Metrostation Waterlooplein,False,False,2.013312486775824,,2.013312486775824,OSM:length,1.2,Inferred:highway=footway (typical sidewalk width),-0.04,Inferred:highway=footway (sidewalks typically lowered),0,Default: no crossing indicators found,0,OSM:highway=footway (walk_lane),,,,,,,,,
995,"(0.35577902344139445, 0.43961519522117765)","(0.38130024221223446, 0.478841420167401)",113952976,footway,,False,True,46.74462548902196,"LINESTRING (629484.0371443825 5803580.179726267, 629485.6483981083 5803582.637115388, 629509.5464494028 5803619.42412857)",46.74462548902196,OSM:length,1.2,Inferred:highway=footway (typical sidewalk width),-0.04,Inferred:highway=footway (sidewalks typically lowered),0,Default: no crossing indicators found,0,OSM:highway=footway (walk_lane),,,,,,,,,
979,"(0.054895342744071804, 0.2978652548055972)","(0.0620418146036358, 0.29124472213514174)",451087480,footway,,False,False,9.723975114244569,"LINESTRING (629183.2939214406 5803438.3640992055, 629188.8102381169 5803433.2447611345, 629190.4370572023 5803431.740498593)",9.723975114244569,OSM:length,1.2,Inferred:highway=footway (typical sidewalk width),-0.04,Inferred:highway=footway (sidewalks typically lowered),0,Default: no crossing indicators found,0,OSM:highway=footway (walk_lane),,,,,,,,,
983,"(0.05146098573364231, 0.3185992405876492)","(0.054895342744071804, 0.2978652548055972)",451087481,footway,,False,False,21.045918149068847,"LINESTRING (629183.2939214406 5803438.3640992055, 629181.4105495533 5803446.271986968, 629179.861167648 5803459.107693076)",21.045918149068847,OSM:length,1.2,Inferred:highway=footway (typical sidewalk width),-0.04,Inferred:highway=footway (sidewalks typically lowered),0,Default: no crossing indicators found,0,OSM:highway=footway (walk_lane),,,,,,,,,
992,"(0.0620418146036358, 0.29124472213514174)","(0.06779326383750343, 0.2925857391730774)",610234805,residential,Rembrandtplein,False,False,5.8996717432900665,"LINESTRING (629190.4370572023 5803431.740498593, 629194.9241069413 5803432.61499939, 629196.1858215593 5803433.082137056)",5.8996717432900665,OSM:length,1.0,Default:highway=residential (fallback width),-0.04,Default:highway=residential (pedestrian paths default lowered),0,Default: no crossing indicators found,0,Default:highway=residential (walk_lane fallback),30,,,,,,,,
985,"(0.0620418146036358, 0.29124472213514174)","(0.07941465342008318, 0.22068493185505886)",1135799560,footway,Utrechtsestraat,False,False,72.70761577233384,"LINESTRING (629190.4370572023 5803431.740498593, 629207.6064806415 5803364.437096166, 629207.8017860743 5803361.148011044)",72.70761577233384,OSM:length,1.2,Inferred:highway=footway (typical sidewalk width),-0.04,Inferred:highway=footway (sidewalks typically lowered),0,Default: no crossing indicators found,0,OSM:highway=footway (walk_lane),,,,,,,,,
989,"(0.07941465342008318, 0.22068493185505886)","(0.08446744176975297, 0.22241923560581778)",642157381,residential,Herengracht,False,True,5.3252827841640995,"LINESTRING (629207.8017860743 5803361.148011044, 629210.1917149582 5803361.978627046, 629211.7314112014 5803362.497578286, 629212.8522156941 5803362.883118467)",5.3252827841640995,OSM:length,1.0,Default:highway=residential (fallback width),-0.04,Default:highway=residential (pedestrian paths default lowered),0,Default: no crossing indicators found,0,Default:highway=residential (walk_lane fallback),30,,,,,,,,
1041,"(0.06779326383750343, 0.2925857391730774)","(0.0813137524926511, 0.328481131706692)","[773850520, 450621562]",residential,"['Amstelstraat', 'Utrechtsestraat']",False,False,42.99738107743684,"LINESTRING (629196.1858215593 5803433.082137056, 629196.7956182167 5803435.546535406, 629198.0089850725 5803440.452910899, 629198.8520903955 5803446.22876999, 629197.8266957775 5803453.113029604, 629197.454192475 5803457.443600255, 629198.0524093205 5803460.608827718, 629198.8150888691 5803462.698848899, 629200.4515194324 5803464.722762932, 629202.2326690579 5803465.904664061, 629204.6612524121 5803467.33726462, 629209.6999986143 5803468.994163444)",42.99738107743684,OSM:length,1.0,Default:highway=residential (fallback width),-0.04,Default:highway=residential (pedestrian paths default lowered),0,Default: no crossing indicators found,0,Default:highway=residential (walk_lane fallback),30,,1,,,,,,
1050,"(0.061530849300253335, 0.3283518899633782)","(0.06779326383750343, 0.2925857391730774)",773850522,busway,Rembrandtplein,False,True,36.46786327630844,"LINESTRING (629196.1858215593 5803433.082137056, 629193.1318381458 5803445.099328422, 629190.5680422569 5803455.571309645, 629190.0167808217 5803466.975290053, 629189.9263304265 5803468.864861811)",36.46786327630844,OSM:length,1.0,Default:highway=busway (fallback width),-0.04,Default:highway=busway (pedestrian paths default lowered),0,Default: no crossing indicators found,0,Default:highway=busway (walk_lane fallback),50,,2,,,,,,
1004,"(0.32753040731385746, 0.5325035000780822)","(0.37042326320553165, 0.5041852253744925)",93480219,footway,Lange Houtgang,False,True,51.27516590842865,,51.27516590842865,OSM:length,1.2,Inferred:highway=footway (typical sidewalk width),-0.04,Inferred:highway=footway (sidewalks typically lowered),0,Default: no crossing indicators found,0,OSM:highway=footway (walk_lane),,,,,,,,,
1009,"(0.37042326320553165, 0.5041852253744925)","(0.3860466865170883, 0.5279227232185807)",461918777,footway,,False,False,28.385203167406633,"LINESTRING (629498.6745479598 5803644.779678047, 629504.8075800263 5803654.03347241, 629510.854428562 5803663.195975684, 629513.0013440952 5803666.5244075395, 629514.2906779846 5803668.528175801)",28.385203167406633,OSM:length,1.2,Inferred:highway=footway (typical sidewalk width),-0.04,Inferred:highway=footway (sidewalks typically lowered),0,Default: no crossing indicators found,0,OSM:highway=footway (walk_lane),,,,,,,,,
1008,"(0.3860466865170883, 0.5279227232185807)","(0.40534098938408697, 0.516037695151404)",1307706063,pedestrian,,False,False,22.604792365370923,,22.604792365370923,OSM:length,1.2,Inferred:highway=pedestrian (typical sidewalk width),-0.04,Inferred:highway=pedestrian (sidewalks typically lowered),0,Default: no crossing indicators found,0,OSM:highway=pedestrian (walk_lane),,,,,,,,,
1035,"(0.32753040731385746, 0.5325035000780822)","(0.34273613224861893, 0.5563188770601702)",510821739,footway,,False,True,28.224812460065444,"LINESTRING (629455.8017152022 5803673.111075384, 629468.8196676204 5803693.597058467, 629469.4817972572 5803694.582702089, 629471.000341839 5803696.937488365)",28.224812460065444,OSM:length,1.2,Inferred:highway=footway (typical sidewalk width),-0.04,Inferred:highway=footway (sidewalks typically lowered),0,Default: no crossing indicators found,0,OSM:highway=footway (walk_lane),,,,,,,,,
1034,"(0.34273613224861893, 0.5563188770601702)","(0.3860466865170883, 0.5279227232185807)",1307706063,pedestrian,,False,False,51.665453117816746,,51.665453117816746,OSM:length,1.2,Inferred:highway=pedestrian (typical sidewalk width),-0.04,Inferred:highway=pedestrian (sidewalks typically lowered),0,Default: no crossing indicators found,0,OSM:highway=pedestrian (walk_lane),,,,,,,,,
1096,"(0.5113836263894809, 0.2869244049595775)","(0.5141865417961997, 0.28789917094654116)",1115069252,footway,,False,True,2.9582054298817817,,2.9582054298817817,OSM:length,1.2,Inferred:highway=footway (typical sidewalk width),-0.04,Inferred:highway=footway (sidewalks typically lowered),0,Default: no crossing indicators found,0,OSM:highway=footway (walk_lane),,,,,,,,,
1029,"(0.5042923863527837, 0.29013070555575543)","(0.5141865417961997, 0.28789917094654116)",1115069252,footway,,False,False,17.859604292584386,"LINESTRING (629642.370715342 5803428.393397083, 629640.3708593288 5803435.263064591, 629632.1988377223 5803432.810971274, 629632.4811786631 5803430.625965781)",17.859604292584386,OSM:length,1.2,Inferred:highway=footway (typical sidewalk width),-0.04,Inferred:highway=footway (sidewalks typically lowered),0,Default: no crossing indicators found,0,OSM:highway=footway (walk_lane),,,,,,,,,
1099,"(0.5303142274736831, 0.30802396405260773)","(0.5345517549673897, 0.2949090320193872)",1115069256,footway,,False,False,13.777812490411241,,13.777812490411241,OSM:length,1.2,Inferred:highway=footway (typical sidewalk width),-0.04,Inferred:highway=footway (sidewalks typically lowered),0,Default: no crossing indicators found,0,OSM:highway=footway (walk_lane),,,,,,,,,
1019,"(0.4856742635324924, 0.27889531010490504)","(0.4904181614502226, 0.2801880800730574)",510806924,footway,,False,False,4.900749065558845,,4.900749065558845,OSM:length,1.2,Inferred:highway=footway (typical sidewalk width),-0.04,Inferred:highway=footway (sidewalks typically lowered),0,Default: no crossing indicators found,0,OSM:highway=footway (walk_lane),,,,,,,,,
1093,"(0.4904181614502226, 0.2801880800730574)","(0.49372035193918085, 0.28109809628413596)",1115069252,footway,,False,False,3.41405764514652,,3.41405764514652,OSM:length,1.2,Inferred:highway=footway (typical sidewalk width),-0.04,Inferred:highway=footway (sidewalks typically lowered),0,Default: no crossing indicators found,0,OSM:highway=footway (walk_lane),,,,,,,,,
1031,"(0.4904181614502226, 0.2801880800730574)","(0.4971292789111891, 0.28752841220573055)",510806924,footway,,False,False,17.782991920827783,"LINESTRING (629618.613430491 5803420.678732905, 629616.5420126205 5803427.680074557, 629624.0773920778 5803430.248931923, 629625.3214150851 5803428.022466533)",17.782991920827783,OSM:length,1.2,Inferred:highway=footway (typical sidewalk width),-0.04,Inferred:highway=footway (sidewalks typically lowered),0,Default: no crossing indicators found,0,OSM:highway=footway (walk_lane),,,,,,,,,
1026,"(0.4999111960871841, 0.2926629835866351)","(0.5010476222158485, 0.2891109525265404)",399505188,steps,,False,True,3.7281399049904946,,3.7281399049904946,OSM:length,0.8,Inferred:highway=steps (narrow for stairs),-0.04,Default:highway=steps (pedestrian paths default lowered),0,Default: no crossing indicators found,0,OSM:highway=steps (walk_lane),,,,,,,,,
1027,"(0.5010476222158485, 0.2891109525265404)","(0.5042923863527837, 0.29013070555575543)",1115069252,footway,,False,False,3.390295147476758,,3.390295147476758,OSM:length,1.2,Inferred:highway=footway (typical sidewalk width),-0.04,Inferred:highway=footway (sidewalks typically lowered),0,Default: no crossing indicators found,0,OSM:highway=footway (walk_lane),,,,,,,,,
1030,"(0.4971292789111891, 0.28752841220573055)","(0.5010476222158485, 0.2891109525265404)",1115069252,footway,,False,True,4.212960981076862,,4.212960981076862,OSM:length,1.2,Inferred:highway=footway (typical sidewalk width),-0.04,Inferred:highway=footway (sidewalks typically lowered),0,Default: no crossing indicators found,0,OSM:highway=footway (walk_lane),,,,,,,,,
1098,"(0.5042923863527837, 0.29013070555575543)","(0.5113836263894809, 0.2869244049595775)",1115069252,footway,,False,False,8.159384251410149,"LINESTRING (629632.4811786631 5803430.625965781, 629636.494458612 5803430.086129269, 629638.3157067772 5803428.965517709, 629639.5691083851 5803427.418179391)",8.159384251410149,OSM:length,1.2,Inferred:highway=footway (typical sidewalk width),-0.04,Inferred:highway=footway (sidewalks typically lowered),0,Default: no crossing indicators found,0,OSM:highway=footway (walk_lane),,,,,,,,,
1095,"(0.49372035193918085, 0.28109809628413596)","(0.4971292789111891, 0.28752841220573055)",1115069252,footway,,False,True,7.663667159470457,"LINESTRING (629625.3214150851 5803428.022466533, 629623.3444464732 5803426.000569806, 629621.7911800705 5803423.411112524, 629621.9140794597 5803421.589170815)",7.663667159470457,OSM:length,1.2,Inferred:highway=footway (typical sidewalk width),-0.04,Inferred:highway=footway (sidewalks typically lowered),0,Default: no crossing indicators found,0,OSM:highway=footway (walk_lane),,,,,,,,,
1037,"(0.293728481491554, 0.5883368001472418)","(0.34273613224861893, 0.5563188770601702)",1307706063,pedestrian,,False,False,58.399266018700196,,58.399266018700196,OSM:length,1.2,Inferred:highway=pedestrian (typical sidewalk width),-0.04,Inferred:highway=pedestrian (sidewalks typically lowered),0,Default: no crossing indicators found,0,OSM:highway=pedestrian (walk_lane),,,,,,,,,
1045,"(0.0813137524926511, 0.328481131706692)","(0.10594316956691018, 0.3278142417340391)",863580330,residential,Amstelstraat,False,False,24.552707324042434,,24.552707324042434,OSM:length,1.0,Default:highway=residential (fallback width),-0.04,Default:highway=residential (pedestrian paths default lowered),0,Default: no crossing indicators found,0,Default:highway=residential (walk_lane fallback),30,,2,,,,,,
1049,"(0.061530849300253335, 0.3283518899633782)","(0.0813137524926511, 0.328481131706692)",773850521,busway,Amstelstraat,False,True,19.71447069384026,"LINESTRING (629209.6999986143 5803468.994163444, 629200.7079708745 5803468.9696742715, 629189.9263304265 5803468.864861811)",19.71447069384026,OSM:length,1.0,Default:highway=busway (fallback width),-0.04,Default:highway=busway (pedestrian paths default lowered),0,Default: no crossing indicators found,0,Default:highway=busway (walk_lane fallback),30,,2,,,,,,
1053,"(0.10594316956691018, 0.3278142417340391)","(0.1755916653908038, 0.32556958978051553)","[863580330, 773856011]",residential,Amstelstraat,False,False,69.44357375384996,"LINESTRING (629234.3179182466 5803468.326964436, 629238.9857378177 5803468.282536776, 629269.669948263 5803467.240536152, 629303.9339009366 5803466.081272315)",69.44357375384996,OSM:length,1.0,Default:highway=residential (fallback width),-0.04,Default:highway=residential (pedestrian paths default lowered),0,Default: no crossing indicators found,0,Default:highway=residential (walk_lane fallback),30,,2,,,,,,
1079,"(0.8203330810738672, 0.8582465025206758)","(0.8399094880563522, 0.8423882174854899)","[881096988, 813106741]","['footway', 'path']",Coentje Gansplantsoen,False,"[False, True]",25.146732849778985,"LINESTRING (629967.9416084439 5803983.139392765, 629966.708541645 5803984.1752424715, 629952.4325412463 5803995.9737162655, 629948.37434007 5803999.005026499)",25.146732849778985,OSM:length,1.0,"Default:highway=['footway', 'path'] (fallback width)",-0.04,"Default:highway=['footway', 'path'] (pedestrian paths default lowered)",0,Default: no crossing indicators found,0,"Default:highway=['footway', 'path'] (walk_lane fallback)",,,,,,,,,
1080,"(0.8331458723512455, 0.8450798363774262)","(0.8399094880563522, 0.8423882174854899)","[888662346, 888662347]","['footway', 'path']",,False,False,9.230720646280187,"LINESTRING (629967.9416084439 5803983.139392765, 629966.7956616511 5803981.907191493, 629965.7138221676 5803982.891387701, 629961.76550892 5803986.40414275, 629961.1811501127 5803985.832258948)",9.230720646280187,OSM:length,1.0,"Default:highway=['footway', 'path'] (fallback width)",-0.04,"Default:highway=['footway', 'path'] (pedestrian paths default lowered)",0,Default: no crossing indicators found,0,"Default:highway=['footway', 'path'] (walk_lane fallback)",,,,,,,,,
1061,"(0.8147237226479476, 0.7478484989566191)","(0.8183157416947351, 0.7501568922534511)",826310921,service,,False,True,4.259332993646015,"LINESTRING (629942.7676001905 5803888.555864715, 629944.7713054186 5803889.81069757, 629946.35794242 5803890.865327717)",4.259332993646015,OSM:length,1.0,Default:highway=service (fallback width),-0.04,Default:highway=service (pedestrian paths default lowered),0,Default: no crossing indicators found,0,Default:highway=service (walk_lane fallback),,,,,,,,,
1078,"(0.7997694865189194, 0.8562692883911975)","(0.8203330810738672, 0.8582465025206758)",881096988,path,Coentje Gansplantsoen,False,True,27.998833083635102,"LINESTRING (629927.82034496 5803997.026896132, 629938.2853027369 5804007.541914581, 629948.37434007 5803999.005026499)",27.998833083635102,OSM:length,1.0,Inferred:highway=path (typical path width),-0.04,Default:highway=path (pedestrian paths default lowered),0,Default: no crossing indicators found,0,Default:highway=path (walk_lane),,,,,,,,,
1072,"(0.9170490012550518, 0.968233666956584)","(0.9303524335634834, 0.9566153155628145)",1081642532,secondary_link,,False,True,17.657139848239385,"LINESTRING (630058.3423336049 5804097.419423457, 630055.7195070372 5804100.265980858, 630045.045111571 5804109.043158772)",17.657139848239385,OSM:length,1.0,Default:highway=secondary_link (fallback width),-0.04,Default:highway=secondary_link (pedestrian paths default lowered),0,Default: no crossing indicators found,0,Default:highway=secondary_link (walk_lane fallback),30,,1,,,,,,
1090,"(0.7890518054668426, 0.46006105244011186)","(0.7998439341479484, 0.4630486792878305)",976110215,footway,,False,False,11.184783425523797,"LINESTRING (629917.1076671085 5803600.635058057, 629919.081511053 5803601.477307915, 629927.8947578355 5803603.624069365)",11.184783425523797,OSM:length,1.2,Inferred:highway=footway (typical sidewalk width),-0.04,Inferred:highway=footway (sidewalks typically lowered),0,Default: no crossing indicators found,0,OSM:highway=footway (walk_lane),,,,,,,,,
1127,"(0.7737464706018975, 0.44214844669243386)","(0.7890518054668426, 0.46006105244011186)",1363587521,footway,,False,True,26.195967480695824,"LINESTRING (629917.1076671085 5803600.635058057, 629917.618777347 5803596.497367507, 629916.5191439143 5803595.054951011, 629910.6229556326 5803593.374692001, 629907.1523272096 5803590.133575164, 629904.4288425271 5803584.652953217, 629901.8094770411 5803582.714151642)",26.195967480695824,OSM:length,1.2,Inferred:highway=footway (typical sidewalk width),-0.04,Inferred:highway=footway (sidewalks typically lowered),0,Default: no crossing indicators found,0,OSM:highway=footway (walk_lane),,,,,,,,,
1130,"(0.7998439341479484, 0.4630486792878305)","(0.8198628892694193, 0.4560343902522537)",1363587750,footway,,False,True,24.330806592444908,"LINESTRING (629927.8947578355 5803603.624069365, 629929.3803885732 5803598.6996656265, 629938.0897642192 5803599.619496776, 629944.7164368641 5803598.659197531, 629947.9043677592 5803596.606529921)",24.330806592444908,OSM:length,1.2,Inferred:highway=footway (typical sidewalk width),-0.04,Inferred:highway=footway (sidewalks typically lowered),0,Default: no crossing indicators found,0,OSM:highway=footway (walk_lane),,,,,,,,,
1103,"(0.5823768074315013, 0.3510864992100563)","(0.584034974489431, 0.3461020981421385)",1135939024,footway,,False,True,5.251091845165101,,5.251091845165101,OSM:length,1.2,Inferred:highway=footway (typical sidewalk width),-0.04,Inferred:highway=footway (sidewalks typically lowered),0,Default: no crossing indicators found,0,OSM:highway=footway (walk_lane),,,,yes,,,,,
1104,"(0.5685691221810553, 0.34070043124263955)","(0.584034974489431, 0.3461020981421385)",1312599577,footway,,False,True,16.330335466587176,,16.330335466587176,OSM:length,1.2,Inferred:highway=footway (typical sidewalk width),-0.04,Inferred:highway=footway (sidewalks typically lowered),0,Default: no crossing indicators found,0,OSM:highway=footway (walk_lane),,,,yes,,,,,
1108,"(0.580423979410889, 0.3408789113096472)","(0.584034974489431, 0.3461020981421385)","[1135939024, 1135939025, 1135939023]","['footway', 'steps']",,False,False,24.978084364196768,"LINESTRING (629712.1865415673 5803486.623295401, 629713.5242576404 5803487.048053603, 629718.6833259328 5803488.786554117, 629719.830711999 5803489.195171, 629721.0178357491 5803485.509312387, 629708.5772321643 5803481.397688154)",24.978084364196768,OSM:length,1.0,"Default:highway=['footway', 'steps'] (fallback width)",-0.04,"Default:highway=['footway', 'steps'] (pedestrian paths default lowered)",0,Default: no crossing indicators found,0,"Default:highway=['footway', 'steps'] (walk_lane fallback)",,,,yes,,,,,
1118,"(0.5667086877041045, 0.3456016465341745)","(0.5685691221810553, 0.34070043124263955)",1312599578,footway,,False,True,5.2401037713055,,5.2401037713055,OSM:length,1.2,Inferred:highway=footway (typical sidewalk width),-0.04,Inferred:highway=footway (sidewalks typically lowered),0,Default: no crossing indicators found,0,OSM:highway=footway (walk_lane),,,,yes,,,,,
1117,"(0.528786479653316, 0.3476296262847157)","(0.5685691221810553, 0.34070043124263955)","[1312599576, 1312599578, 1312599575]","['footway', 'steps']",,False,"[False, True]",66.29239864683221,"LINESTRING (629696.7279089888 5803481.21912538, 629697.7243733252 5803479.598259246, 629699.272373651 5803476.177871328, 629690.0261845052 5803473.385769412, 629692.194167061 5803467.377490777, 629683.9987263654 5803464.52404255, 629678.8010131909 5803467.614606029, 629667.7193073636 5803477.350128312, 629656.9638376932 5803488.151531397)",66.29239864683221,OSM:length,1.0,"Default:highway=['footway', 'steps'] (fallback width)",-0.04,"Default:highway=['footway', 'steps'] (pedestrian paths default lowered)",0,Default: no crossing indicators found,0,"Default:highway=['footway', 'steps'] (walk_lane fallback)",,,,yes,,,,,
1113,"(0.9677086213310605, 0.21094586686292563)","(0.9825262070958721, 0.16431577029423794)",1267679444,footway,,False,False,48.9114222285121,,48.9114222285121,OSM:length,1.2,Inferred:highway=footway (typical sidewalk width),-0.04,Inferred:highway=footway (sidewalks typically lowered),0,Default: no crossing indicators found,0,OSM:highway=footway (walk_lane),,,,,,,,,
1115,"(0.9825262070958721, 0.16431577029423794)","(0.9947780999008793, 0.12166711999759189)","[1357065507, 1267679444, 1357065508]",footway,,False,True,44.379016245737716,"LINESTRING (630110.4917515089 5803304.752728123, 630116.4974092726 5803283.220654984, 630118.5083645775 5803274.926911399, 630122.7379249164 5803262.084314525)",44.379016245737716,OSM:length,1.2,Inferred:highway=footway (typical sidewalk width),-0.04,Inferred:highway=footway (sidewalks typically lowered),0,Default: no crossing indicators found,0,OSM:highway=footway (walk_lane),,yes,,,,,,,
1125,"(0.7737464706018975, 0.44214844669243386)","(0.7742327281217404, 0.4358650780154673)",1135939017,footway,,False,True,6.361226638224481,"LINESTRING (629902.2955075675 5803576.4278712645, 629901.621957049 5803579.492878391, 629901.8094770411 5803582.714151642)",6.361226638224481,OSM:length,1.2,Inferred:highway=footway (typical sidewalk width),-0.04,Inferred:highway=footway (sidewalks typically lowered),0,Default: no crossing indicators found,0,OSM:highway=footway (walk_lane),,,,,,,,,
1131,"(0.8198628892694193, 0.4560343902522537)","(0.8211197754920037, 0.45128420717190554)",1363587751,footway,,False,False,4.912428718810131,,4.912428718810131,OSM:length,1.2,Inferred:highway=footway (typical sidewalk width),-0.04,Inferred:highway=footway (sidewalks typically lowered),0,Default: no crossing indicators found,0,OSM:highway=footway (walk_lane),,,,,,,,,
1132,"(0.8198628892694193, 0.4560343902522537)","(0.8266185290300928, 0.4577921253946965)",1363587751,footway,,False,True,6.957511742156476,,6.957511742156476,OSM:length,1.2,Inferred:highway=footway (typical sidewalk width),-0.04,Inferred:highway=footway (sidewalks typically lowered),0,Default: no crossing indicators found,0,OSM:highway=footway (walk_lane),,,,,,,,,
1135,"(0.8266185290300928, 0.4577921253946965)","(0.8278944042911844, 0.45851545593203735)",1363587751,footway,,False,True,1.4626768672793349,,1.4626768672793349,OSM:length,1.2,Inferred:highway=footway (typical sidewalk width),-0.04,Inferred:highway=footway (sidewalks typically lowered),0,Default: no crossing indicators found,0,OSM:highway=footway (walk_lane),,,,,,,,,
1136,"(0.8266185290300928, 0.4577921253946965)","(0.830913982589618, 0.45437907829558116)",1363587752,footway,,False,True,5.827027525146676,"LINESTRING (629954.6568538693 5803598.365079595, 629956.4307118381 5803595.68525137, 629958.9503022361 5803594.950450896)",5.827027525146676,OSM:length,1.2,Inferred:highway=footway (typical sidewalk width),-0.04,Inferred:highway=footway (sidewalks typically lowered),0,Default: no crossing indicators found,0,OSM:highway=footway (walk_lane),,,,,,,,,
